Workbook

Sheet DISRA
A1: ID|number-2 | B1: Nombre completo|name-1 | C1: Sexo|select-1 | D1: Estado Civil|select-2 | E1: Edad|number-1 | F1: Fecha de nacimiento|date-1 | G1: Fecha de realización de la encuesta|date-2 | H1: Introduzca la hora y minuto en que comenzó la encuesta|time-1 | I1: 1.-Ante un examen en el que me juego mucho, o si voy a ser entrevistado para un trabajo importante, me preocupo facilmente.|radio-1 | J1: 2.-Ante un examen en el que me juego mucho, o si voy a ser entrevistado para un trabajo importante, me cuesta concentrarme.|radio-2 | K1: 3.-Cuando voy a llegar tarde a una cita, me preocupo facilmente.|radio-3 | L1: 4.-Cuando pienso en las muchas cosas que tengo que hacer doy demasiadas vueltas a las cosas sin llegar a decidirme.|radio-4 | M1: 5.-Cuando pienso en las muchas cosas que tengo que hacer me cuesta concentrarme.|radio-5 | N1: 6.-A la hora de tomar una decisión o resolver un problema difícil me preocupo facilmente.|radio-6 | O1: 7.-A la hora de tomar una decisión o resolver un problema difícil me cuesta concentrarme.|radio-7 | P1: 8.-En mi trabajo o cuando estudio me siento inseguro de mí mismo.|radio-8 | Q1: 9.-En mi trabajo o cuando estudio doy demasiadas vueltas a las cosas sin llegar a decidirme.|radio-9 | R1: 10.-Cuando espero a alguien en un lugar un concurrido me preocupo facilmente.|radio-10 | S1: 11.-Cuando espero a alguien en un lugar un concurrido tengo pensamientos o sentimientos negativos sobre mí, tales como "inferior" a los demás, "torpe", etc|radio-11 | T1: 12.-Cuando espero a alguien en un lugar un concurrido doy demasiadas vueltas a las cosas sin llegar a decidirme.|radio-12 | U1: 13.-Cuando espero a alguien en un lugar un concurrido pienso que la gente se dará cuenta de mis problemas o de la torpeza de mis actos.|radio-13 | V1: 14.-Si una persona del otro sexo está muy cerca de mí, rozándome , o si estoy en una situación sexual íntima doy demasiadas vueltas a las cosas sin llegar a decidirme.|radio-14 | W1: 15.-Cuando alguien me molesta o cuando discuto tengo pensamientos o sentimientos negativos sobre mí, tales como "inferior" a los demás, "torpe", etc|radio-15 | X1: 16.-Cuando alguien me molesta o cuando discuto pienso que la gente se dará cuenta de mis problemas o de la torpeza de mis actos.|radio-16 | Y1: 17.-Cuando soy observado o mi trabajo es supervisado, cuando recibo críticas, o siempre que pueda ser evaluado negativamente me cuesta concentrarme.|radio-17 | Z1: 18.-Cuando soy observado o mi trabajo es supervisado, cuando recibo críticas, o siempre que pueda ser evaluado negativamente pienso que la gente se dará cuenta de mis problemas o de la torpeza de mis actos.|radio-18 | AA1: 19.-Si tengo que hablar en público me preocupo facilmente.|radio-19 | AB1: 20.-Si tengo que hablar en público doy demasiadas vueltas a las cosas sin llegar a decidirme.|radio-20 | AC1: 21.-Si tengo que hablar en público me cuesta concentrarme.|radio-21 | AD1: 22.-Si tengo que hablar en público pienso que la gente se dará cuenta de mis problemas o de la torpeza de mis actos.|radio-22 | AE1: 23.-Cuando pienso en experiencias recientes en las que me he sentido ridículo, tímido, humillado, solo o rechazado me cuesta concentrarme.|radio-23 | AF1: 24.-Cuando tengo que viajar en avión o en barco me siento inseguro de mí mismo.|radio-24 | AG1: 25.-Cuando tengo que viajar en avión o en barco siento miedo.|radio-25 | AH1: 26.-Cuando tengo que viajar en avión o en barco me cuesta concentrarme.|radio-26 | AI1: 27.-Después de haber cometido algún error doy demasiadas vueltas a las cosas sin llegar a decidirme.|radio-27 | AJ1: 28.-Después de haber cometido algún error siento miedo.|radio-28 | AK1: 29.-Después de haber cometido algún error me cuesta concentrarme.|radio-29 | AL1: 30.-Después de haber cometido algún error pienso que la gente se dará cuenta de mis problemas o de la torpeza de mis actos.|radio-30 | AM1: 31.-Ante la consulta del dentista, las inyecciones, las heridas o la sangre me preocupo facilmente.|radio-31 | AN1: 32.-Cuando voy a una cita con una persona del otro sexo siento miedo.|radio-32 | AO1: 33.-Cuando pienso en mi futuro o en dificultades y problemas futuros me cuesta concentrarme.|radio-33 | AP1: 34.-En medio de multitudes o en espacios cerrados me preocupo facilmente.|radio-34 | AQ1: 35.-En medio de multitudes o en espacios cerrados tengo pensamientos o sentimientos negativos sobre mí, tales como "inferior" a los demás, "torpe", etc|radio-35 | AR1: 36.-En medio de multitudes o en espacios cerrados siento miedo.|radio-36 | AS1: 37.-En medio de multitudes o en espacios cerrados me cuesta concentrarme.|radio-37 | AT1: 38.-En medio de multitudes o en espacios cerrados pienso que la gente se dará cuenta de mis problemas o de la torpeza de mis actos.|radio-38 | AU1: 39.-Cuando tengo que asistir a una reunión social o conocer gente nueva me siento inseguro de mí mismo.|radio-39 | AV1: 40.-Cuando tengo que asistir a una reunión social o conocer gente nueva me cuesta concentrarme.|radio-40 | AW1: 41.-En lugares altos, o ante aguas profundas me preocupo facilmente.|radio-41 | AX1: 42.-En lugares altos, o ante aguas profundas tengo pensamientos o sentimientos negativos sobre mí, tales como "inferior" a los demás, "torpe", etc|radio-42 | AY1: 43.-En lugares altos, o ante aguas profundas me siento inseguro de mí mismo.|radio-43 | AZ1: 44.-En lugares altos, o ante aguas profundas siento miedo.|radio-44 | BA1: 45.-En lugares altos, o ante aguas profundas pienso que la gente se dará cuenta de mis problemas o de la torpeza de mis actos.|radio-45 | BB1: 46.-Al observar escenas violentas me preocupo facilmente.|radio-46 | BC1: 47.-Al observar escenas violentas tengo pensamientos o sentimientos negativos sobre mí, tales como "inferior" a los demás, "torpe", etc|radio-47 | BD1: 48.-Al observar escenas violentas siento miedo.|radio-48 | BE1: 49.-Por nada en concreto me preocupo facilmente.|radio-49 | BF1: 50.-Por nada en concreto tengo pensamientos o sentimientos negativos sobre mí, tales como "inferior" a los demás, "torpe", etc|radio-50 | BG1: 51.-Por nada en concreto me siento inseguro de mí mismo.|radio-51 | BH1: 52.-Por nada en concreto doy demasiadas vueltas a las cosas sin llegar a decidirme.|radio-52 | BI1: 53.-Por nada en concreto siento miedo.|radio-53 | BJ1: 54.-A la hora de dormir me preocupo facilmente.|radio-54 | BK1: 55.-A la hora de dormir tengo pensamientos o sentimientos negativos sobre mí, tales como "inferior" a los demás, "torpe", etc|radio-55 | BL1: 56.-A la hora de dormir pienso que la gente se dará cuenta de mis problemas o de la torpeza de mis actos.|radio-56 | BM1: 57.- Escriba una situación en la que usted manifiesta frecuentemente alguna de estas respuestas o conductas.|text-1 | BN1: 57.1 - Me preocupo facilmente.|radio-57 | BO1: 57.2 - Tengo pensamientos o sentimientos negativos sobre mí, tales como "inferior" a los demás, "torpe", etc|radio-58 | BP1: 57.3 - Me siento inseguro de mí mismo.|radio-59 | BQ1: 57.4 - Doy demasiadas vueltas a las cosas sin llegar a decidirme.|radio-60 | BR1: 57.5 - Siento miedo.|radio-61 | BS1: 57.6 - Me cuesta concentrarme.|radio-62 | BT1: 57.7 - Pienso que la gente se dará cuenta de mis problemas o de la torpeza de mis actos.|radio-63 | BU1: 1.- Ante un examen en el que me juego mucho, o si voy a ser entrevistado para un trabajo importante me tiemblan las manos o las piernas.|radio-64 | BV1: 2.- Ante un examen en el que me juego mucho, o si voy a ser entrevistado para un trabajo importante me duele la cabeza.|radio-65 | BW1: 3.- Ante un examen en el que me juego mucho, o si voy a ser entrevistado para un trabajo importante mi cuerpo está en tensión.|radio-66 | BX1: 4.- Ante un examen en el que me juego mucho, o si voy a ser entrevistado para un trabajo importante me falta el aire y mi respiración es agitada.|radio-67 | BY1: 5.- Ante un examen en el que me juego mucho, o si voy a ser entrevistado para un trabajo importante siento náuseas o mareo.|radio-68 | BZ1: 6.- Ante un examen en el que me juego mucho, o si voy a ser entrevistado para un trabajo importante se me seca la boca y tengo dificultades para tragar.|radio-69 | CA1: 7.- Ante un examen en el que me juego mucho, o si voy a ser entrevistado para un trabajo importante tengo escalofríos y tirito aunque no haga mucho frío.|radio-70 | CB1: 8.- Cuando voy a llegar tarde a una cita siento molestias en el estómago.|radio-71 | CC1: 9.- Cuando voy a llegar tarde a una cita me sudan las manos u otra parte del cuerpo hasta en días fríos.|radio-72 | CD1: 10.- Cuando voy a llegar tarde a una cita me tiemblan las manos o las piernas.|radio-73 | CE1: 11.- Cuando voy a llegar tarde a una cita me duele la cabeza.|radio-74 | CF1: 12.- Cuando voy a llegar tarde a una cita tengo palpitaciones, el corazón me late muy deprisa.|radio-75 | CG1: 13.- Cuando voy a llegar tarde a una cita me falta el aire y mi respiración es agitada.|radio-76 | CH1: 14.- Cuando voy a llegar tarde a una cita se me seca la boca y tengo dificultades para tragar.|radio-77 | CI1: 15.- Cuando pienso en las muchas cosas que tengo que hacer siento molestias en el estómago.|radio-78 | CJ1: 16.- Cuando pienso en las muchas cosas que tengo que hacer me sudan las manos u otra parte del cuerpo hasta en días fríos.|radio-79 | CK1: 17.- Cuando pienso en las muchas cosas que tengo que hacer me tiemblan las manos o las piernas.|radio-80 | CL1: 18.- Cuando pienso en las muchas cosas que tengo que hacer me duele la cabeza.|radio-81 | CM1: 19.- Cuando pienso en las muchas cosas que tengo que hacer tengo palpitaciones, el corazón me late muy deprisa.|radio-82 | CN1: 20.- Cuando pienso en las muchas cosas que tengo que hacer me falta el aire y mi respiración es agitada.|radio-83 | CO1: 21.- Cuando pienso en las muchas cosas que tengo que hacer siento náuseas o mareo.|radio-84 | CP1: 22.- Cuando pienso en las muchas cosas que tengo que hacer se me seca la boca y tengo dificultades para tragar.|radio-85 | CQ1: 23.- A la hora de tomar una decisión o resolver un problema difícil me duele la cabeza.|radio-86 | CR1: 24.- En mi trabajo o cuando estudio siento molestias en el estómago.|radio-87 | CS1: 25.- En mi trabajo o cuando estudio me duele la cabeza.|radio-88 | CT1: 26.- En mi trabajo o cuando estudio tengo palpitaciones, el corazón me late muy deprisa.|radio-89 | CU1: 27.- En mi trabajo o cuando estudio se me seca la boca y tengo dificultades para tragar.|radio-90 | CV1: 28.- Cuando espero a alguien en un lugar un concurrido siento molestias en el estómago.|radio-91 | CW1: 29.- Cuando espero a alguien en un lugar un concurrido mi cuerpo está en tensión.|radio-92 | CX1: 30.- Cuando espero a alguien en un lugar un concurrido me falta el aire y mi respiración es agitada.|radio-93 | CY1: 31.- Cuando espero a alguien en un lugar un concurrido se me seca la boca y tengo dificultades para tragar.|radio-94 | CZ1: 32.- Si una persona del otro sexo está muy cerca de mí, rozándome , o si estoy en una situación sexual íntima me tiemblan las manos o las piernas.|radio-95 | DA1: 33.- Si una persona del otro sexo está muy cerca de mí, rozándome , o si estoy en una situación sexual íntima tengo palpitaciones, el corazón me late muy deprisa.|radio-96 | DB1: 34.- Si una persona del otro sexo está muy cerca de mí, rozándome , o si estoy en una situación sexual íntima me falta el aire y mi respiración es agitada.|radio-97 | DC1: 35.- Si una persona del otro sexo está muy cerca de mí, rozándome , o si estoy en una situación sexual íntima siento náuseas o mareo.|radio-98 | DD1: 36.- Si una persona del otro sexo está muy cerca de mí, rozándome , o si estoy en una situación sexual íntima se me seca la boca y tengo dificultades para tragar.|radio-99 | DE1: 37.- Cuando alguien me molesta o cuando discuto siento molestias en el estómago.|radio-100 | DF1: 38.- Cuando alguien me molesta o cuando discuto me tiemblan las manos o las piernas.|radio-101 | DG1: 39.- Cuando alguien me molesta o cuando discuto me duele la cabeza.|radio-102 | DH1: 40.- Cuando alguien me molesta o cuando discuto tengo palpitaciones, el corazón me late muy deprisa.|radio-103 | DI1: 41.- Cuando alguien me molesta o cuando discuto me falta el aire y mi respiración es agitada.|radio-104 | DJ1: 42.- Cuando alguien me molesta o cuando discuto siento náuseas o mareo.|radio-105 | DK1: 43.- Cuando alguien me molesta o cuando discuto se me seca la boca y tengo dificultades para tragar.|radio-106 | DL1: 44.- Cuando soy observado o mi trabajo es supervisado, cuando recibo críticas, o siempre que pueda ser evaluado negativamente me tiemblan las manos o las piernas.|radio-107 | DM1: 45.- Cuando soy observado o mi trabajo es supervisado, cuando recibo críticas, o siempre que pueda ser evaluado negativamente me falta el aire y mi respiración es agitada.|radio-108 | DN1: 46.- Cuando soy observado o mi trabajo es supervisado, cuando recibo críticas, o siempre que pueda ser evaluado negativamente siento náuseas o mareo.|radio-109 | DO1: 47.- Cuando soy observado o mi trabajo es supervisado, cuando recibo críticas, o siempre que pueda ser evaluado negativamente se me seca la boca y tengo dificultades para tragar.|radio-110 | DP1: 48.- Si tengo que hablar en público siento molestias en el estómago.|radio-111 | DQ1: 49.- Si tengo que hablar en público me tiemblan las manos o las piernas.|radio-112 | DR1: 50.- Si tengo que hablar en público me duele la cabeza.|radio-113 | DS1: 51.- Si tengo que hablar en público tengo palpitaciones, el corazón me late muy deprisa.|radio-114 | DT1: 52.- Si tengo que hablar en público me falta el aire y mi respiración es agitada.|radio-115 | DU1: 53.- Si tengo que hablar en público siento náuseas o mareo.|radio-116 | DV1: 54.- Si tengo que hablar en público se me seca la boca y tengo dificultades para tragar.|radio-117 | DW1: 55.- Si tengo que hablar en público tengo escalofríos y tirito aunque no haga mucho frío.|radio-118 | DX1: 56.- Cuando pienso en experiencias recientes en las que me he sentido ridículo, tímido, humillado, solo o rechazado mi cuerpo está en tensión.|radio-119 | DY1: 57.- Cuando pienso en experiencias recientes en las que me he sentido ridículo, tímido, humillado, solo o rechazado tengo palpitaciones, el corazón me late muy deprisa.|radio-120 | DZ1: 58.- Cuando pienso en experiencias recientes en las que me he sentido ridículo, tímido, humillado, solo o rechazado me falta el aire y mi respiración es agitada.|radio-121 | EA1: 59.- Cuando pienso en experiencias recientes en las que me he sentido ridículo, tímido, humillado, solo o rechazado tengo escalofríos y tirito aunque no haga mucho frío.|radio-122 | EB1: 60.- Cuando tengo que viajar en avión o en barco me sudan las manos u otra parte del cuerpo hasta en días fríos.|radio-123 | EC1: 61.- Cuando tengo que viajar en avión o en barco me tiemblan las manos o las piernas.|radio-124 | ED1: 62.- Cuando tengo que viajar en avión o en barco me duele la cabeza.|radio-125 | EE1: 63.- Cuando tengo que viajar en avión o en barco tengo palpitaciones, el corazón me late muy deprisa.|radio-126 | EF1: 64.- Cuando tengo que viajar en avión o en barco me falta el aire y mi respiración es agitada.|radio-127 | EG1: 65.- Cuando tengo que viajar en avión o en barco siento náuseas o mareo.|radio-128 | EH1: 66.- Cuando tengo que viajar en avión o en barco se me seca la boca y tengo dificultades para tragar.|radio-129 | EI1: 67.- Después de haber cometido algún error me sudan las manos u otra parte del cuerpo hasta en días fríos.|radio-130 | EJ1: 68.- Después de haber cometido algún error me tiemblan las manos o las piernas.|radio-131 | EK1: 69.- Después de haber cometido algún error me duele la cabeza.|radio-132 | EL1: 70.- Después de haber cometido algún error me falta el aire y mi respiración es agitada.|radio-133 | EM1: 71.- Después de haber cometido algún error tengo escalofríos y tirito aunque no haga mucho frío.|radio-134 | EN1: 72.- Ante la consulta del dentista, las inyecciones, las heridas o la sangre me duele la cabeza.|radio-135 | EO1: 73.- Ante la consulta del dentista, las inyecciones, las heridas o la sangre me falta el aire y mi respiración es agitada.|radio-136 | EP1: 74.- Ante la consulta del dentista, las inyecciones, las heridas o la sangre tengo escalofríos y tirito aunque no haga mucho frío.|radio-137 | EQ1: 75.- Cuando voy a una cita con una persona del otro sexo me tiemblan las manos o las piernas.|radio-138 | ER1: 76.- Cuando voy a una cita con una persona del otro sexo me duele la cabeza.|radio-139 | ES1: 77.- Cuando voy a una cita con una persona del otro sexo me falta el aire y mi respiración es agitada.|radio-140 | ET1: 78.- Cuando voy a una cita con una persona del otro sexo se me seca la boca y tengo dificultades para tragar.|radio-141 | EU1: 79.- Cuando pienso en mi futuro o en dificultades y problemas futuros me sudan las manos u otra parte del cuerpo hasta en días fríos.|radio-142 | EV1: 80.- Cuando pienso en mi futuro o en dificultades y problemas futuros me tiemblan las manos o las piernas.|radio-143 | EW1: 81.- Cuando pienso en mi futuro o en dificultades y problemas futuros me duele la cabeza.|radio-144 | EX1: 82.- Cuando pienso en mi futuro o en dificultades y problemas futuros mi cuerpo está en tensión.|radio-145 | EY1: 83.- Cuando pienso en mi futuro o en dificultades y problemas futuros me falta el aire y mi respiración es agitada.|radio-146 | EZ1: 84.- Cuando pienso en mi futuro o en dificultades y problemas futuros se me seca la boca y tengo dificultades para tragar.|radio-147 | FA1: 85.- En medio de multitudes o en espacios cerrados siento molestias en el estómago.|radio-148 | FB1: 86.- En medio de multitudes o en espacios cerrados me sudan las manos u otra parte del cuerpo hasta en días fríos.|radio-149 | FC1: 87.- En medio de multitudes o en espacios cerrados me tiemblan las manos o las piernas.|radio-150 | FD1: 88.- En medio de multitudes o en espacios cerrados me duele la cabeza.|radio-151 | FE1: 89.- En medio de multitudes o en espacios cerrados me falta el aire y mi respiración es agitada.|radio-152 | FF1: 90.- Cuando tengo que asistir a una reunión social o conocer gente nueva siento molestias en el estómago.|radio-153 | FG1: 91.- Cuando tengo que asistir a una reunión social o conocer gente nueva me tiemblan las manos o las piernas.|radio-154 | FH1: 92.- Cuando tengo que asistir a una reunión social o conocer gente nueva me duele la cabeza.|radio-155 | FI1: 93.- Cuando tengo que asistir a una reunión social o conocer gente nueva me falta el aire y mi respiración es agitada.|radio-156 | FJ1: 94.- Cuando tengo que asistir a una reunión social o conocer gente nueva se me seca la boca y tengo dificultades para tragar.|radio-157 | FK1: 95.- En lugares altos, o ante aguas profundas me tiemblan las manos o las piernas.|radio-158 | FL1: 96.- En lugares altos, o ante aguas profundas tengo palpitaciones, el corazón me late muy deprisa.|radio-159 | FM1: 97.- En lugares altos, o ante aguas profundas me falta el aire y mi respiración es agitada.|radio-160 | FN1: 98.- En lugares altos, o ante aguas profundas siento náuseas o mareo.|radio-161 | FO1: 99.- En lugares altos, o ante aguas profundas se me seca la boca y tengo dificultades para tragar.|radio-162 | FP1: 100.- En lugares altos, o ante aguas profundas tengo escalofríos y tirito aunque no haga mucho frío.|radio-163 | FQ1: 101.- Al observar escenas violentas siento molestias en el estómago.|radio-164 | FR1: 102.- Al observar escenas violentas tengo palpitaciones, el corazón me late muy deprisa.|radio-165 | FS1: 103.- Al observar escenas violentas me falta el aire y mi respiración es agitada.|radio-166 | FT1: 104.- Al observar escenas violentas siento náuseas o mareo.|radio-167 | FU1: 105.- Por nada en concreto siento molestias en el estómago.|radio-168 | FV1: 106.- Por nada en concreto me tiemblan las manos o las piernas.|radio-169 | FW1: 107.- Por nada en concreto me duele la cabeza.|radio-170 | FX1: 108.- Por nada en concreto tengo palpitaciones, el corazón me late muy deprisa.|radio-171 | FY1: 109.- Por nada en concreto me falta el aire y mi respiración es agitada.|radio-172 | FZ1: 110.- Por nada en concreto siento náuseas o mareo.|radio-173 | GA1: 111.- Por nada en concreto se me seca la boca y tengo dificultades para tragar.|radio-174 | GB1: 112.- A la hora de dormir me duele la cabeza.|radio-175 | GC1: 113.- Escriba una situación en la que usted manifiesta frecuentemente alguna de estas respuestas o conductas.|text-2 | GD1: 113.1 - Siento molestias en el estómago.|radio-176 | GE1: 113.2 - Me sudan las manos u otra parte del cuerpo hasta en días fríos.|radio-177 | GF1: 113.3 - Me tiemblan las manos o las piernas.|radio-178 | GG1: 113.4 - Me duele la cabeza.|radio-179 | GH1: 113.5 - Mi cuerpo está en tensión.|radio-180 | GI1: 113.6 - Tengo palpitaciones, el corazón me late muy deprisa.|radio-181 | GJ1: 113.7 - Me falta el aire y mi respiración es agitada.|radio-182 | GK1: 113.8 - Siento náuseas o mareo.|radio-183 | GL1: 113.9 - Se me seca la boca y tengo dificultades para tragar.|radio-184 | GM1: 113.10 - Tengo escalofrios y tirito aunque no haga mucho frio.|radio-241 | GN1: 1.- Ante un examen en el que me juego mucho, o si voy a ser entrevistado para un trabajo importante realizo movimientos repetitivos con alguna parte de mi cuerpo (rascarme, tocarme, movimientos rítmicos con pies o manos, etc.)|radio-185 | GO1: 2.- Ante un examen en el que me juego mucho, o si voy a ser entrevistado para un trabajo importante me muevo y hago cosas sin una finalidad concreta.|radio-186 | GP1: 3.- Ante un examen en el que me juego mucho, o si voy a ser entrevistado para un trabajo importante quedo paralizado o mis movimientos son torpes.|radio-187 | GQ1: 4.- Cuando voy a llegar tarde a una cita realizo movimientos repetitivos con alguna parte de mi cuerpo (rascarme, tocarme, movimientos rítmicos con pies o manos, etc.)|radio-188 | GR1: 5.- Cuando voy a llegar tarde a una cita me muevo y hago cosas sin una finalidad concreta.|radio-189 | GS1: 6.- Cuando pienso en las muchas cosas que tengo que hacer lloro con facilidad.|radio-190 | GT1: 7.- Cuando pienso en las muchas cosas que tengo que hacer realizo movimientos repetitivos con alguna parte de mi cuerpo (rascarme, tocarme, movimientos rítmicos con pies o manos, etc.)|radio-191 | GU1: 8.- Cuando pienso en las muchas cosas que tengo que hacer fumo, como o bebo demasiado.|radio-192 | GV1: 9.- Cuando pienso en las muchas cosas que tengo que hacer me muevo y hago cosas sin una finalidad concreta.|radio-193 | GW1: 10.- Cuando pienso en las muchas cosas que tengo que hacer quedo paralizado o mis movimientos son torpes.|radio-194 | GX1: 11.- Cuando pienso en las muchas cosas que tengo que hacer tartamudeo o tengo otras dificultades de expresión verbal.|radio-195 | GY1: 12.- A la hora de tomar una decisión o resolver un problema difícil fumo, como o bebo demasiado.|radio-196 | GZ1: 13.- A la hora de tomar una decisión o resolver un problema difícil me muevo y hago cosas sin una finalidad concreta.|radio-197 | HA1: 14.- A la hora de tomar una decisión o resolver un problema difícil tartamudeo o tengo otras dificultades de expresión verbal.|radio-198 | HB1: 15.- En mi trabajo o cuando estudio lloro con facilidad.|radio-199 | HC1: 16.- En mi trabajo o cuando estudio fumo, como o bebo demasiado.|radio-200 | HD1: 17.- En mi trabajo o cuando estudio quedo paralizado o mis movimientos son torpes.|radio-201 | HE1: 18.- Cuando espero a alguien en un lugar un concurrido fumo, como o bebo demasiado.|radio-202 | HF1: 19.- Cuando espero a alguien en un lugar un concurrido trato de evitar o rehuir la sítuación.|radio-203 | HG1: 20.- Si una persona del otro sexo está muy cerca de mí, rozándome , o si estoy en una situación sexual íntima fumo, como o bebo demasiado.|radio-204 | HH1: 21.- Cuando alguien me molesta o cuando discuto realizo movimientos repetitivos con alguna parte de mi cuerpo (rascarme, tocarme, movimientos rítmicos con pies o manos, etc.)|radio-205 | HI1: 22.- Cuando alguien me molesta o cuando discuto fumo, como o bebo demasiado.|radio-206 | HJ1: 23.- Cuando alguien me molesta o cuando discuto quedo paralizado o mis movimientos son torpes.|radio-207 | HK1: 24.- Cuando soy observado o mi trabajo es supervisado, cuando recibo críticas, o siempre que pueda ser evaluado negativamente realizo movimientos repetitivos con alguna parte de mi cuerpo (rascarme, tocarme, movimientos rítmicos con pies o manos, etc.)|radio-208 | HL1: 25.- Cuando soy observado o mi trabajo es supervisado, cuando recibo críticas, o siempre que pueda ser evaluado negativamente fumo, como o bebo demasiado.|radio-209 | HM1: 26.- Cuando soy observado o mi trabajo es supervisado, cuando recibo críticas, o siempre que pueda ser evaluado negativamente quedo paralizado o mis movimientos son torpes.|radio-210 | HN1: 27.- Si tengo que hablar en público fumo, como o bebo demasiado.|radio-211 | HO1: 28.- Cuando pienso en experiencias recientes en las que me he sentido ridículo, tímido, humillado, solo o rechazado realizo movimientos repetitivos con alguna parte de mi cuerpo (rascarme, tocarme, movimientos rítmicos con pies o manos, etc.)|radio-212 | HP1: 29.- Cuando pienso en experiencias recientes en las que me he sentido ridículo, tímido, humillado, solo o rechazado fumo, como o bebo demasiado.|radio-213 | HQ1: 30.- Cuando pienso en experiencias recientes en las que me he sentido ridículo, tímido, humillado, solo o rechazado me muevo y hago cosas sin una finalidad concreta.|radio-214 | HR1: 31.- Cuando tengo que viajar en avión o en barco realizo movimientos repetitivos con alguna parte de mi cuerpo (rascarme, tocarme, movimientos rítmicos con pies o manos, etc.)|radio-215 | HS1: 32.- Cuando tengo que viajar en avión o en barco trato de evitar o rehuir la sítuación.|radio-216 | HT1: 33.- Cuando tengo que viajar en avión o en barco me muevo y hago cosas sin una finalidad concreta.|radio-217 | HU1: 34.- Cuando tengo que viajar en avión o en barco quedo paralizado o mis movimientos son torpes.|radio-218 | HV1: 35.- Después de haber cometido algún error lloro con facilidad.|radio-219 | HW1: 36.- Después de haber cometido algún error fumo, como o bebo demasiado.|radio-220 | HX1: 37.- Ante la consulta del dentista, las inyecciones, las heridas o la sangre me muevo y hago cosas sin una finalidad concreta.|radio-221 | HY1: 38.- Ante la consulta del dentista, las inyecciones, las heridas o la sangre tartamudeo o tengo otras dificultades de expresión verbal.|radio-222 | HZ1: 39.- Cuando voy a una cita con una persona del otro sexo trato de evitar o rehuir la sítuación.|radio-223 | IA1: 40.- Cuando pienso en mi futuro o en dificultades y problemas futuros realizo movimientos repetitivos con alguna parte de mi cuerpo (rascarme, tocarme, movimientos rítmicos con pies o manos, etc.)|radio-224 | IB1: 41.- Cuando pienso en mi futuro o en dificultades y problemas futuros fumo, como o bebo demasiado.|radio-225 | IC1: 42.- En medio de multitudes o en espacios cerrados lloro con facilidad.|radio-226 | ID1: 43.- En medio de multitudes o en espacios cerrados realizo movimientos repetitivos con alguna parte de mi cuerpo (rascarme, tocarme, movimientos rítmicos con pies o manos, etc.)|radio-227 | IE1: 44.- En medio de multitudes o en espacios cerrados fumo, como o bebo demasiado.|radio-228 | IF1: 45.- En medio de multitudes o en espacios cerrados me muevo y hago cosas sin una finalidad concreta.|radio-229 | IG1: 46.- En medio de multitudes o en espacios cerrados quedo paralizado o mis movimientos son torpes.|radio-230 | IH1: 47.- Cuando tengo que asistir a una reunión social o conocer gente nueva lloro con facilidad.|radio-231 | II1: 48.- Cuando tengo que asistir a una reunión social o conocer gente nueva fumo, como o bebo demasiado.|radio-232 | IJ1: 49.- Cuando tengo que asistir a una reunión social o conocer gente nueva trato de evitar o rehuir la sítuación.|radio-233 | IK1: 50.- Cuando tengo que asistir a una reunión social o conocer gente nueva quedo paralizado o mis movimientos son torpes.|radio-234 | IL1: 51.- Cuando tengo que asistir a una reunión social o conocer gente nueva tartamudeo o tengo otras dificultades de expresión verbal.|radio-235 | IM1: 52.- En lugares altos, o ante aguas profundas quedo paralizado o mis movimientos son torpes.|radio-236 | IN1: 53.- Al observar escenas violentas fumo, como o bebo demasiado.|radio-237 | IO1: 54.- Al observar escenas violentas me muevo y hago cosas sin una finalidad concreta.|radio-238 | IP1: 55.- Por nada en concreto tartamudeo o tengo otras dificultades de expresión verbal.|radio-239 | IQ1: 56.- A la hora de dormir me muevo y hago cosas sin una finalidad concreta.|radio-240 | IR1: 57.- Escriba una situación en la que usted manifiesta frecuentemente alguna de estas respuestas o conductas.|text-3 | IS1: 57.1.- Lloro con facilidad.|radio-242 | IT1: 57.2.- Realizo movimientos repetitivos con alguna parte de mi cuerpo (rascarme, tocarme, movimientos rítmicos con pies o manos, etc.)|radio-243 | IU1: 57.3.- Fumo, como o bebo demasiado.|radio-244 | IV1: 57.4.- Trato de evitar o rehuir la sítuación.|radio-245 | IW1: 57.5.- Me muevo y hago cosas sin una finalidad concreta.|radio-246 | IX1: 57.6.- Quedo paralizado o mis movimientos son torpes.|radio-247 | IY1: 57.7.- Tartamudeo o tengo otras dificultades de expresión verbal.|radio-248 | IZ1: Las pruebas concluyeron ¿Acepta nuestros términos de uso?|consent-1 | JA1: ID|number-2
A2: 1 | B2: Luis Ángel Tovar Vázquez | C2: Hombre | D2: two | E2: 33 | F2: 07-10-1989 | G2: 20-08-2023 | H2: 12:17 am | I2: 0 | J2: 1 | K2: 2 | L2: 0 | M2: 1 | N2: 2 | O2: 1 | P2: 0 | Q2: 0 | R2: 0 | S2: 0 | T2: 0 | U2: 0 | V2: 0 | W2: 0 | X2: 0 | Y2: 0 | Z2: 0 | AA2: 0 | AB2: 0 | AC2: 0 | AD2: 0 | AE2: 2 | AF2: 0 | AG2: 0 | AH2: 0 | AI2: 1 | AJ2: 0 | AK2: 1 | AL2: 0 | AM2: 0 | AN2: 0 | AO2: 1 | AP2: 0 | AQ2: 0 | AR2: 0 | AS2: 0 | AT2: 0 | AU2: 0 | AV2: 0 | AW2: 1 | AX2: 0 | AY2: 0 | AZ2: 1 | BA2: 0 | BB2: 1 | BC2: 0 | BD2: 1 | BE2: 0 | BF2: 0 | BG2: 0 | BH2: 0 | BI2: 0 | BJ2: 0 | BK2: 0 | BL2: 0 | BM2: Cuando pienso el futuro de mis hijos me siento algunas veces con miedo e inseguro de su futuro | BN2: 1 | BO2: 0 | BP2: 1 | BQ2: 0 | BR2: 1 | BS2: 0 | BT2: 0 | BU2: 0 | BV2: 0 | BW2: 0 | BX2: 0 | BY2: 0 | BZ2: 0 | CA2: 0 | CB2: 0 | CC2: 0 | CD2: 0 | CE2: 0 | CF2: 0 | CG2: 0 | CH2: 0 | CI2: 1 | CJ2: 0 | CK2: 0 | CL2: 2 | CM2: 0 | CN2: 0 | CO2: 0 | CP2: 0 | CQ2: 1 | CR2: 0 | CS2: 0 | CT2: 0 | CU2: 0 | CV2: 0 | CW2: 0 | CX2: 0 | CY2: 0 | CZ2: 0 | DA2: 0 | DB2: 0 | DC2: 0 | DD2: 0 | DE2: 0 | DF2: 0 | DG2: 1 | DH2: 0 | DI2: 1 | DJ2: 0 | DK2: 0 | DL2: 0 | DM2: 0 | DN2: 0 | DO2: 0 | DP2: 1 | DQ2: 0 | DR2: 0 | DS2: 0 | DT2: 0 | DU2: 0 | DV2: 0 | DW2: 0 | DX2: 1 | DY2: 0 | DZ2: 0 | EA2: 0 | EB2: 0 | EC2: 0 | ED2: 0 | EE2: 0 | EF2: 0 | EG2: 0 | EH2: 0 | EI2: 0 | EJ2: 0 | EK2: 1 | EL2: 0 | EM2: 0 | EN2: 0 | EO2: 0 | EP2: 0 | EQ2: 0 | ER2: 0 | ES2: 0 | ET2: 0 | EU2: 0 | EV2: 0 | EW2: 1 | EX2: 1 | EY2: 0 | EZ2: 0 | FA2: 0 | FB2: 0 | FC2: 0 | FD2: 1 | FE2: 2 | FF2: 0 | FG2: 0 | FH2: 0 | FI2: 0 | FJ2: 0 | FK2: 1 | FL2: 1 | FM2: 0 | FN2: 0 | FO2: 0 | FP2: 0 | FQ2: 0 | FR2: 0 | FS2: 0 | FT2: 0 | FU2: 1 | FV2: 0 | FW2: 2 | FX2: 0 | FY2: 0 | FZ2: 0 | GA2: 0 | GB2: 0 | GC2: Preocupación y estrés por el futuro de mis hijo | GD2: 0 | GE2: 0 | GF2: 0 | GG2: 1 | GH2: 2 | GI2: 0 | GJ2: 0 | GK2: 0 | GL2: 0 | GM2: 0 | GN2: 2 | GO2: 1 | GP2: 0 | GQ2: 0 | GR2: 0 | GS2: 0 | GT2: 0 | GU2: 1 | GV2: 0 | GW2: 0 | GX2: 0 | GY2: 0 | GZ2: 0 | HA2: 0 | HB2: 0 | HC2: 1 | HD2: 0 | HE2: 0 | HF2: 0 | HG2: 0 | HH2: 0 | HI2: 1 | HJ2: 0 | HK2: 0 | HL2: 0 | HM2: 0 | HN2: 0 | HO2: 0 | HP2: 0 | HQ2: 0 | HR2: 0 | HS2: 0 | HT2: 0 | HU2: 0 | HV2: 1 | HW2: 1 | HX2: 0 | HY2: 0 | HZ2: 0 | IA2: 0 | IB2: 1 | IC2: 0 | ID2: 0 | IE2: 0 | IF2: 0 | IG2: 0 | IH2: 0 | II2: 1 | IJ2: 0 | IK2: 0 | IL2: 0 | IM2: 1 | IN2: 0 | IO2: 0 | IP2: 1 | IQ2: 0 | IS2: 0 | IT2: 0 | IU2: 0 | IV2: 0 | IW2: 0 | IX2: 0 | IY2: 0 | IZ2: marcada
A3: 2 | B3: Luis Emiliano Medina Hernández | C3: Hombre | D3: one | E3: 17 | F3: 19-07-2006 | G3: 23-08-2023 | H3: 05:13 pm | I3: 2 | J3: 2 | K3: 2 | L3: 3 | M3: 3 | N3: 1 | O3: 1 | P3: 0 | Q3: 1 | R3: 0 | S3: 0 | T3: 0 | U3: 0 | V3: 0 | W3: 0 | X3: 0 | Y3: 0 | Z3: 0 | AA3: 0 | AB3: 0 | AC3: 0 | AD3: 0 | AE3: 0 | AF3: 0 | AG3: 0 | AH3: 0 | AI3: 1 | AJ3: 0 | AK3: 1 | AL3: 1 | AM3: 0 | AN3: 0 | AO3: 0 | AP3: 0 | AQ3: 0 | AR3: 0 | AS3: 0 | AT3: 0 | AU3: 0 | AV3: 0 | AW3: 0 | AX3: 0 | AY3: 0 | AZ3: 0 | BA3: 0 | BB3: 0 | BC3: 0 | BD3: 0 | BE3: 0 | BF3: 0 | BG3: 0 | BH3: 0 | BI3: 0 | BJ3: 1 | BK3: 0 | BL3: 0 | BN3: 0 | BO3: 0 | BP3: 0 | BQ3: 0 | BR3: 0 | BS3: 0 | BT3: 0 | BU3: 0 | BV3: 0 | BW3: 0 | BX3: 0 | BY3: 0 | BZ3: 0 | CA3: 0 | CB3: 0 | CC3: 0 | CD3: 0 | CE3: 0 | CF3: 0 | CG3: 0 | CH3: 0 | CI3: 0 | CJ3: 0 | CK3: 0 | CL3: 0 | CM3: 0 | CN3: 0 | CO3: 0 | CP3: 0 | CQ3: 0 | CR3: 0 | CS3: 0 | CT3: 0 | CU3: 0 | CV3: 0 | CW3: 0 | CX3: 0 | CY3: 0 | CZ3: 0 | DA3: 0 | DB3: 0 | DC3: 0 | DD3: 0 | DE3: 0 | DF3: 0 | DG3: 0 | DH3: 0 | DI3: 0 | DJ3: 0 | DK3: 0 | DL3: 0 | DM3: 0 | DN3: 0 | DO3: 0 | DP3: 0 | DQ3: 0 | DR3: 0 | DS3: 0 | DT3: 0 | DU3: 0 | DV3: 0 | DW3: 0 | DX3: 0 | DY3: 0 | DZ3: 0 | EA3: 0 | EB3: 0 | EC3: 0 | ED3: 0 | EE3: 0 | EF3: 0 | EG3: 0 | EH3: 0 | EI3: 0 | EJ3: 0 | EK3: 0 | EL3: 0 | EM3: 0 | EN3: 0 | EO3: 0 | EP3: 0 | EQ3: 0 | ER3: 0 | ES3: 0 | ET3: 0 | EU3: 0 | EV3: 0 | EW3: 0 | EX3: 0 | EY3: 0 | EZ3: 0 | FA3: 0 | FB3: 0 | FC3: 0 | FD3: 0 | FE3: 0 | FF3: 0 | FG3: 0 | FH3: 0 | FI3: 0 | FJ3: 0 | FK3: 0 | FL3: 0 | FM3: 0 | FN3: 0 | FO3: 0 | FP3: 0 | FQ3: 0 | FR3: 0 | FS3: 0 | FT3: 0 | FU3: 0 | FV3: 0 | FW3: 0 | FX3: 0 | FY3: 0 | FZ3: 0 | GA3: 0 | GB3: 0 | GD3: 0 | GE3: 0 | GF3: 0 | GG3: 0 | GH3: 0 | GI3: 0 | GJ3: 0 | GK3: 0 | GL3: 0 | GM3: 0 | GN3: 1 | GO3: 1 | GP3: 0 | GQ3: 1 | GR3: 1 | GS3: 0 | GT3: 3 | GU3: 0 | GV3: 2 | GW3: 0 | GX3: 0 | GY3: 0 | GZ3: 1 | HA3: 0 | HB3: 0 | HC3: 0 | HD3: 0 | HE3: 0 | HF3: 0 | HG3: 0 | HH3: 0 | HI3: 0 | HJ3: 0 | HK3: 0 | HL3: 0 | HM3: 0 | HN3: 0 | HO3: 1 | HP3: 0 | HQ3: 1 | HR3: 0 | HS3: 0 | HT3: 0 | HU3: 0 | HV3: 0 | HW3: 0 | HX3: 0 | HY3: 0 | HZ3: 0 | IA3: 2 | IB3: 0 | IC3: 0 | ID3: 0 | IE3: 0 | IF3: 0 | IG3: 0 | IH3: 0 | II3: 0 | IJ3: 0 | IK3: 0 | IL3: 0 | IM3: 0 | IN3: 0 | IO3: 0 | IP3: 0 | IQ3: 2 | IS3: 0 | IT3: 0 | IU3: 0 | IV3: 0 | IW3: 0 | IX3: 0 | IY3: 0 | IZ3: marcada
A4: 4 | B4: Nicole Esmeralda De La Rosa Vazquez | C4: Mujer | D4: one | E4: 21 | F4: 08-08-2002 | G4: 20-09-2023 | H4: 01:24 pm | I4: 3 | J4: 3 | K4: 2 | L4: 3 | M4: 3 | N4: 2 | O4: 2 | P4: 1 | Q4: 2 | R4: 1 | S4: 0 | T4: 0 | U4: 0 | V4: 1 | W4: 2 | X4: 0 | Y4: 2 | Z4: 2 | AA4: 2 | AB4: 2 | AC4: 2 | AD4: 2 | AE4: 3 | AF4: 0 | AG4: 1 | AH4: 1 | AI4: 2 | AJ4: 3 | AK4: 2 | AL4: 2 | AM4: 3 | AN4: 1 | AO4: 3 | AP4: 2 | AQ4: 1 | AR4: 3 | AS4: 2 | AT4: 1 | AU4: 1 | AV4: 1 | AW4: 2 | AX4: 2 | AY4: 2 | AZ4: 3 | BA4: 1 | BB4: 2 | BC4: 1 | BD4: 2 | BE4: 2 | BF4: 2 | BG4: 1 | BH4: 2 | BI4: 2 | BJ4: 2 | BK4: 2 | BL4: 1 | BU4: 3 | BV4: 2 | BW4: 3 | BX4: 3 | BY4: 2 | BZ4: 1 | CA4: 3 | CB4: 2 | CC4: 2 | CD4: 2 | CE4: 1 | CF4: 2 | CG4: 2 | CH4: 2 | CI4: 2 | CJ4: 3 | CK4: 3 | CL4: 4 | CM4: 3 | CN4: 3 | CO4: 2 | CP4: 2 | CQ4: 3 | CR4: 2 | CS4: 2 | CT4: 2 | CU4: 1 | CV4: 2 | CW4: 2 | CX4: 2 | CY4: 1 | CZ4: 1 | DA4: 2 | DB4: 1 | DC4: 1 | DD4: 1 | DE4: 2 | DF4: 2 | DG4: 3 | DH4: 3 | DI4: 2 | DJ4: 2 | DK4: 2 | DL4: 2 | DM4: 3 | DN4: 2 | DO4: 1 | DP4: 2 | DQ4: 3 | DR4: 2 | DS4: 4 | DT4: 4 | DU4: 3 | DV4: 1 | DW4: 3 | DX4: 2 | DY4: 2 | DZ4: 2 | EA4: 2 | EB4: 3 | EC4: 2 | ED4: 2 | EE4: 3 | EF4: 2 | EG4: 2 | EH4: 1 | EI4: 3 | EJ4: 3 | EK4: 3 | EL4: 3 | EM4: 3 | EN4: 3 | EO4: 3 | EP4: 3 | EQ4: 2 | ER4: 1 | ES4: 1 | ET4: 1 | EU4: 3 | EV4: 3 | EW4: 3 | EX4: 3 | EY4: 3 | EZ4: 2 | FA4: 2 | FB4: 2 | FC4: 2 | FD4: 2 | FE4: 2 | FF4: 1 | FG4: 1 | FH4: 2 | FI4: 1 | FJ4: 1 | FK4: 2 | FL4: 3 | FM4: 3 | FN4: 2 | FO4: 1 | FP4: 2 | FQ4: 2 | FR4: 2 | FS4: 2 | FT4: 2 | FU4: 2 | FV4: 2 | FW4: 3 | FX4: 3 | FY4: 3 | FZ4: 3 | GA4: 1 | GB4: 2 | GC4: Tener ganas de vomitar | GD4: 4 | GE4: 4 | GF4: 4 | GG4: 4 | GH4: 3 | GI4: 3 | GJ4: 3 | GK4: 4 | GL4: 3 | GM4: 4 | GN4: 4 | GO4: 4 | GP4: 3 | GQ4: 3 | GR4: 3 | GS4: 3 | GT4: 3 | GU4: 0 | GV4: 3 | GW4: 2 | GX4: 1 | GY4: 0 | GZ4: 4 | HA4: 1 | HB4: 2 | HC4: 0 | HD4: 2 | HE4: 0 | HF4: 2 | HG4: 0 | HH4: 4 | HI4: 0 | HJ4: 2 | HK4: 4 | HL4: 0 | HM4: 3 | HN4: 0 | HO4: 3 | HP4: 0 | HQ4: 3 | HR4: 3 | HS4: 2 | HT4: 2 | HU4: 2 | HV4: 3 | HW4: 0 | HX4: 3 | HY4: 1 | HZ4: 2 | IA4: 3 | IB4: 0 | IC4: 1 | ID4: 2 | IE4: 0 | IF4: 2 | IG4: 1 | IH4: 0 | II4: 0 | IJ4: 1 | IK4: 1 | IL4: 2 | IM4: 2 | IN4: 0 | IO4: 1 | IP4: 0 | IQ4: 3 | IR4: Cuando veo a mi ex pareja o cuando siento ganas de vomitar | IS4: 3 | IT4: 3 | IU4: 0 | IV4: 3 | IW4: 3 | IX4: 3 | IY4: 3 | IZ4: marcada
A5: 5 | B5: Aldo Froylan Flores Flores | C5: Hombre | D5: one | E5: 18 | F5: 19-10-2005 | G5: 11-10-2023 | H5: 03:10 pm | I5: 0 | J5: 1 | K5: 2 | L5: 0 | M5: 1 | N5: 0 | O5: 0 | P5: 0 | Q5: 0 | R5: 0 | S5: 0 | T5: 0 | U5: 0 | V5: 0 | W5: 1 | X5: 0 | Y5: 2 | Z5: 1 | AA5: 2 | AB5: 1 | AC5: 1 | AD5: 0 | AE5: 3 | AF5: 0 | AG5: 0 | AH5: 0 | AI5: 0 | AJ5: 1 | AK5: 1 | AL5: 1 | AM5: 0 | AN5: 1 | AO5: 0 | AP5: 0 | AQ5: 0 | AR5: 0 | AS5: 0 | AT5: 0 | AU5: 1 | AV5: 1 | AW5: 1 | AX5: 0 | AY5: 1 | AZ5: 1 | BA5: 0 | BB5: 0 | BC5: 0 | BD5: 2 | BE5: 1 | BF5: 0 | BG5: 1 | BH5: 0 | BI5: 0 | BJ5: 0 | BK5: 0 | BL5: 0 | BM5: Miedo al rachazo | BN5: 0 | BO5: 0 | BP5: 0 | BQ5: 0 | BR5: 0 | BS5: 1 | BT5: 0 | BU5: 0 | BV5: 0 | BW5: 0 | BX5: 0 | BY5: 0 | BZ5: 0 | CA5: 0 | CB5: 0 | CC5: 3 | CD5: 0 | CE5: 0 | CF5: 0 | CG5: 0 | CH5: 0 | CI5: 0 | CJ5: 3 | CK5: 0 | CL5: 0 | CM5: 0 | CN5: 0 | CO5: 0 | CP5: 0 | CQ5: 0 | CR5: 0 | CS5: 0 | CT5: 0 | CU5: 0 | CV5: 0 | CW5: 0 | CX5: 0 | CY5: 0 | CZ5: 1 | DA5: 3 | DB5: 2 | DC5: 0 | DD5: 0 | DE5: 0 | DF5: 0 | DG5: 0 | DH5: 1 | DI5: 0 | DJ5: 0 | DK5: 0 | DL5: 0 | DM5: 0 | DN5: 0 | DO5: 0 | DP5: 2 | DQ5: 1 | DR5: 0 | DS5: 3 | DT5: 1 | DU5: 0 | DV5: 0 | DW5: 2 | DX5: 1 | DY5: 2 | DZ5: 0 | EA5: 0 | EB5: 0 | EC5: 0 | ED5: 0 | EE5: 0 | EF5: 0 | EG5: 0 | EH5: 0 | EI5: 3 | EJ5: 0 | EK5: 0 | EL5: 0 | EM5: 0 | EN5: 0 | EO5: 0 | EP5: 0 | EQ5: 0 | ER5: 0 | ES5: 0 | ET5: 0 | EU5: 0 | EV5: 0 | EW5: 0 | EX5: 0 | EY5: 0 | EZ5: 0 | FA5: 0 | FB5: 2 | FC5: 0 | FD5: 0 | FE5: 0 | FF5: 0 | FG5: 0 | FH5: 0 | FI5: 0 | FJ5: 0 | FK5: 0 | FL5: 2 | FM5: 0 | FN5: 0 | FO5: 0 | FP5: 0 | FQ5: 0 | FR5: 0 | FS5: 0 | FT5: 0 | FU5: 1 | FV5: 0 | FW5: 1 | FX5: 1 | FY5: 0 | FZ5: 0 | GA5: 0 | GB5: 0 | GC5: Sudoracion en manos | GD5: 0 | GE5: 2 | GF5: 0 | GG5: 0 | GH5: 0 | GI5: 0 | GJ5: 0 | GK5: 0 | GL5: 0 | GM5: 0 | GN5: 0 | GO5: 0 | GP5: 0 | GQ5: 1 | GR5: 0 | GS5: 0 | GT5: 0 | GU5: 1 | GV5: 0 | GW5: 0 | GX5: 0 | GY5: 0 | GZ5: 0 | HA5: 1 | HB5: 2 | HC5: 0 | HD5: 0 | HE5: 0 | HF5: 1 | HG5: 0 | HH5: 0 | HI5: 0 | HJ5: 0 | HK5: 0 | HL5: 0 | HM5: 0 | HN5: 0 | HO5: 1 | HP5: 1 | HQ5: 0 | HR5: 0 | HS5: 0 | HT5: 0 | HU5: 0 | HV5: 0 | HW5: 1 | HX5: 0 | HY5: 0 | HZ5: 0 | IA5: 0 | IB5: 2 | IC5: 0 | ID5: 0 | IE5: 0 | IF5: 0 | IG5: 0 | IH5: 0 | II5: 0 | IJ5: 0 | IK5: 0 | IL5: 0 | IM5: 0 | IN5: 0 | IO5: 0 | IP5: 0 | IQ5: 0 | IR5: Solía fumar despues de cometer un error | IS5: 0 | IT5: 0 | IU5: 0 | IV5: 0 | IW5: 0 | IX5: 0 | IY5: 0 | IZ5: marcada
A6: 6 | B6: DANTE HUMBERTO CANTU PACHICANO | C6: Hombre | D6: one | E6: 29 | F6: 17-07-1994 | G6: 12-10-2023 | H6: 09:46 pm | I6: 0 | J6: 0 | K6: 0 | L6: 0 | M6: 0 | N6: 0 | O6: 0 | P6: 0 | Q6: 0 | R6: 0 | S6: 0 | T6: 0 | U6: 0 | V6: 0 | W6: 0 | X6: 0 | Y6: 0 | Z6: 0 | AA6: 0 | AB6: 0 | AC6: 0 | AD6: 0 | AE6: 0 | AF6: 0 | AG6: 0 | AH6: 0 | AI6: 0 | AJ6: 1 | AK6: 0 | AL6: 0 | AM6: 0 | AN6: 0 | AO6: 0 | AP6: 0 | AQ6: 0 | AR6: 0 | AS6: 0 | AT6: 0 | AU6: 0 | AV6: 0 | AW6: 0 | AX6: 0 | AY6: 0 | AZ6: 0 | BA6: 0 | BB6: 2 | BC6: 0 | BD6: 1 | BE6: 0 | BF6: 0 | BG6: 0 | BH6: 0 | BI6: 0 | BJ6: 0 | BK6: 0 | BL6: 0 | BM6: VIAJAR SOLO AL OTRO PAIS QUE NUNCA HE ESTADO | BN6: 2 | BO6: 0 | BP6: 0 | BQ6: 0 | BR6: 2 | BS6: 0 | BT6: 0 | BU6: 0 | BV6: 0 | BW6: 0 | BX6: 0 | BY6: 0 | BZ6: 0 | CA6: 0 | CB6: 0 | CC6: 0 | CD6: 0 | CE6: 0 | CF6: 0 | CG6: 0 | CH6: 0 | CI6: 0 | CJ6: 0 | CK6: 0 | CL6: 0 | CM6: 0 | CN6: 0 | CO6: 0 | CP6: 0 | CQ6: 0 | CR6: 0 | CS6: 0 | CT6: 0 | CU6: 0 | CV6: 0 | CW6: 0 | CX6: 0 | CY6: 0 | CZ6: 0 | DA6: 0 | DB6: 0 | DC6: 0 | DD6: 0 | DE6: 0 | DF6: 0 | DG6: 0 | DH6: 0 | DI6: 0 | DJ6: 0 | DK6: 0 | DL6: 0 | DM6: 0 | DN6: 0 | DO6: 0 | DP6: 0 | DQ6: 0 | DR6: 0 | DS6: 0 | DT6: 0 | DU6: 0 | DV6: 0 | DW6: 0 | DX6: 0 | DY6: 0 | DZ6: 0 | EA6: 0 | EB6: 0 | EC6: 0 | ED6: 0 | EE6: 0 | EF6: 0 | EG6: 0 | EH6: 0 | EI6: 0 | EJ6: 0 | EK6: 0 | EL6: 0 | EM6: 0 | EN6: 0 | EO6: 0 | EP6: 0 | EQ6: 0 | ER6: 0 | ES6: 0 | ET6: 0 | EU6: 0 | EV6: 0 | EW6: 0 | EX6: 0 | EY6: 0 | EZ6: 0 | FA6: 0 | FB6: 0 | FC6: 0 | FD6: 0 | FE6: 0 | FF6: 0 | FG6: 0 | FH6: 0 | FI6: 0 | FJ6: 0 | FK6: 0 | FL6: 0 | FM6: 0 | FN6: 0 | FO6: 0 | FP6: 0 | FQ6: 0 | FR6: 0 | FS6: 0 | FT6: 0 | FU6: 0 | FV6: 0 | FW6: 0 | FX6: 0 | FY6: 0 | FZ6: 0 | GA6: 0 | GB6: 0 | GC6: VIAJAR SOLO AL OTRO PAIS EN DONDE NUNCA HE ESTADO | GD6: 0 | GE6: 0 | GF6: 0 | GG6: 0 | GH6: 0 | GI6: 0 | GJ6: 0 | GK6: 0 | GL6: 0 | GM6: 0 | GN6: 0 | GO6: 0 | GP6: 0 | GQ6: 0 | GR6: 0 | GS6: 0 | GT6: 0 | GU6: 0 | GV6: 0 | GW6: 0 | GX6: 0 | GY6: 0 | GZ6: 0 | HA6: 0 | HB6: 0 | HC6: 0 | HD6: 0 | HE6: 2 | HF6: 0 | HG6: 0 | HH6: 0 | HI6: 0 | HJ6: 0 | HK6: 0 | HL6: 0 | HM6: 0 | HN6: 0 | HO6: 0 | HP6: 0 | HQ6: 0 | HR6: 0 | HS6: 2 | HT6: 0 | HU6: 0 | HV6: 0 | HW6: 0 | HX6: 0 | HY6: 0 | HZ6: 0 | IA6: 0 | IB6: 0 | IC6: 0 | ID6: 0 | IE6: 0 | IF6: 0 | IG6: 0 | IH6: 0 | II6: 0 | IJ6: 0 | IK6: 0 | IL6: 0 | IM6: 0 | IN6: 0 | IO6: 0 | IP6: 0 | IQ6: 0 | IR6: VIAJAR SOLO AL OTRO PAIS DONDE NUNCA HE ESTADO | IS6: 0 | IT6: 0 | IU6: 0 | IV6: 0 | IW6: 0 | IX6: 0 | IY6: 0 | IZ6: marcada
A7: 7 | B7: DIANA LAURA GOMEZ MADRIGAL | C7: Mujer | D7: one | E7: 26 | F7: 04-08-1997 | G7: 14-10-2023 | H7: 04:37 pm | I7: 2 | J7: 1 | K7: 4 | L7: 3 | M7: 3 | N7: 2 | O7: 3 | P7: 2 | Q7: 3 | R7: 1 | S7: 2 | T7: 1 | U7: 2 | V7: 1 | W7: 2 | X7: 1 | Y7: 3 | Z7: 3 | AA7: 2 | AB7: 1 | AC7: 1 | AD7: 1 | AE7: 2 | AF7: 2 | AG7: 1 | AH7: 1 | AI7: 3 | AJ7: 2 | AK7: 3 | AL7: 3 | AM7: 2 | AN7: 2 | AO7: 3 | AP7: 2 | AQ7: 2 | AR7: 2 | AS7: 2 | AT7: 2 | AU7: 2 | AV7: 1 | AW7: 2 | AX7: 1 | AY7: 2 | AZ7: 3 | BA7: 1 | BB7: 3 | BC7: 1 | BD7: 3 | BE7: 1 | BF7: 2 | BG7: 2 | BH7: 4 | BI7: 2 | BJ7: 2 | BK7: 2 | BL7: 2 | BM7: En el trabajo o cuando conozco a un gpo de gente nueva | BP7: 2 | BQ7: 4 | BR7: 3 | BS7: 4 | BT7: 4 | BU7: 2 | BV7: 1 | BW7: 1 | BX7: 1 | BY7: 1 | BZ7: 3 | CA7: 2 | CB7: 2 | CC7: 1 | CD7: 1 | CE7: 0 | CF7: 1 | CG7: 0 | CH7: 0 | CI7: 2 | CJ7: 1 | CK7: 0 | CL7: 0 | CM7: 1 | CN7: 0 | CO7: 0 | CP7: 0 | CQ7: 0 | CR7: 1 | CS7: 2 | CT7: 2 | CU7: 3 | CV7: 1 | CW7: 1 | CX7: 1 | CY7: 0 | CZ7: 0 | DA7: 2 | DB7: 0 | DC7: 0 | DD7: 2 | DE7: 2 | DF7: 1 | DG7: 0 | DH7: 4 | DI7: 4 | DJ7: 2 | DK7: 3 | DL7: 3 | DM7: 2 | DN7: 1 | DO7: 3 | DP7: 1 | DQ7: 2 | DR7: 0 | DS7: 3 | DT7: 1 | DU7: 1 | DV7: 3 | DW7: 1 | DX7: 1 | DY7: 1 | DZ7: 1 | EA7: 1 | EB7: 2 | EC7: 2 | ED7: 1 | EE7: 1 | EF7: 1 | EG7: 0 | EH7: 1 | EI7: 4 | EJ7: 3 | EK7: 0 | EL7: 3 | EM7: 0 | EN7: 0 | EO7: 1 | EP7: 0 | EQ7: 2 | ER7: 0 | ES7: 1 | ET7: 2 | EU7: 3 | EV7: 2 | EW7: 1 | EX7: 3 | EY7: 0 | EZ7: 0 | FA7: 1 | FB7: 1 | FC7: 1 | FD7: 2 | FE7: 0 | FF7: 2 | FG7: 2 | FH7: 0 | FI7: 1 | FJ7: 2 | FK7: 2 | FL7: 3 | FM7: 1 | FN7: 1 | FO7: 1 | FP7: 2 | FQ7: 3 | FR7: 2 | FS7: 2 | FT7: 1 | FU7: 0 | FV7: 2 | FW7: 2 | FX7: 2 | FY7: 2 | FZ7: 2 | GA7: 1 | GB7: 1 | GC7: en el trabajo o con un gpo de gente que no conozco | GD7: 0 | GE7: 2 | GF7: 2 | GG7: 1 | GH7: 3 | GI7: 2 | GJ7: 2 | GK7: 2 | GL7: 1 | GM7: 1 | GN7: 2 | GO7: 3 | GP7: 2 | GQ7: 0 | GR7: 0 | GS7: 1 | GT7: 2 | GU7: 2 | GV7: 1 | GW7: 2 | GX7: 1 | GY7: 2 | GZ7: 2 | HA7: 2 | HB7: 2 | HC7: 2 | HD7: 3 | HE7: 1 | HF7: 2 | HG7: 0 | HH7: 4 | HI7: 1 | HJ7: 2 | HK7: 3 | HL7: 0 | HM7: 3 | HN7: 0 | HO7: 2 | HP7: 0 | HQ7: 1 | HR7: 1 | HS7: 0 | HT7: 1 | HU7: 2 | HV7: 2 | HW7: 2 | HX7: 2 | HY7: 2 | HZ7: 1 | IA7: 2 | IB7: 2 | IC7: 0 | ID7: 2 | IE7: 1 | IF7: 3 | IG7: 3 | IH7: 0 | II7: 1 | IJ7: 1 | IK7: 3 | IL7: 2 | IM7: 1 | IN7: 1 | IO7: 1 | IP7: 2 | IQ7: 1 | IR7: en el trabajo, reuniones o al conocer un gpo de gente nueva | IS7: 2 | IT7: 2 | IU7: 2 | IV7: 2 | IW7: 2 | IX7: 3 | IY7: 2 | IZ7: marcada
A8: 8 | B8: Jesus Humberto perales soto | C8: Hombre | D8: one | E8: 15 | F8: 11-07-2008 | G8: 24-10-2023 | H8: 05:16 pm | I8: 1 | J8: 1 | K8: 1 | L8: 1 | M8: 1 | N8: 0 | O8: 0 | P8: 0 | Q8: 0 | R8: 0 | S8: 2 | T8: 1 | U8: 0 | V8: 0 | W8: 0 | X8: 0 | Y8: 0 | Z8: 0 | AA8: 0 | AB8: 0 | AC8: 0 | AD8: 0 | AE8: 0 | AF8: 0 | AG8: 0 | AH8: 0 | AI8: 0 | AJ8: 0 | AK8: 0 | AL8: 0 | AM8: 0 | AN8: 0 | AO8: 1 | AP8: 0 | AQ8: 0 | AR8: 0 | AS8: 3 | AT8: 0 | AU8: 0 | AV8: 0 | AW8: 0 | AX8: 0 | AY8: 1 | AZ8: 4 | BA8: 0 | BB8: 0 | BC8: 0 | BD8: 1 | BE8: 0 | BF8: 0 | BG8: 0 | BH8: 0 | BI8: 0 | BJ8: 0 | BK8: 0 | BL8: 0 | BN8: 4 | BO8: 0 | BP8: 1 | BQ8: 1 | BR8: 1 | BS8: 1 | BT8: 0 | BU8: 0 | BV8: 0 | BW8: 0 | BX8: 0 | BY8: 0 | BZ8: 0 | CA8: 0 | CB8: 1 | CC8: 1 | CD8: 0 | CE8: 0 | CF8: 1 | CG8: 0 | CH8: 0 | CI8: 0 | CJ8: 0 | CK8: 0 | CL8: 0 | CM8: 0 | CN8: 0 | CO8: 0 | CP8: 0 | CQ8: 0 | CR8: 0 | CS8: 0 | CT8: 0 | CU8: 0 | CV8: 0 | CW8: 1 | CX8: 0 | CY8: 0 | CZ8: 0 | DA8: 0 | DB8: 0 | DC8: 0 | DD8: 0 | DE8: 0 | DF8: 0 | DG8: 0 | DH8: 0 | DI8: 0 | DJ8: 0 | DK8: 0 | DL8: 0 | DM8: 0 | DN8: 0 | DO8: 0 | DP8: 0 | DQ8: 0 | DR8: 0 | DS8: 0 | DT8: 0 | DU8: 0 | DV8: 0 | DW8: 0 | DX8: 0 | DY8: 0 | DZ8: 0 | EA8: 0 | EB8: 0 | EC8: 0 | ED8: 0 | EE8: 0 | EF8: 0 | EG8: 0 | EH8: 0 | EI8: 0 | EJ8: 1 | EK8: 0 | EL8: 0 | EM8: 0 | EN8: 0 | EO8: 0 | EP8: 0 | EQ8: 1 | ER8: 0 | ES8: 0 | ET8: 0 | EU8: 0 | EV8: 0 | EW8: 0 | EX8: 0 | EY8: 0 | EZ8: 0 | FA8: 0 | FB8: 0 | FC8: 0 | FD8: 0 | FE8: 0 | FF8: 0 | FG8: 0 | FH8: 0 | FI8: 0 | FJ8: 0 | FK8: 0 | FL8: 0 | FM8: 0 | FN8: 0 | FO8: 0 | FP8: 1 | FQ8: 1 | FR8: 0 | FS8: 0 | FT8: 0 | FU8: 0 | FV8: 0 | FW8: 0 | FX8: 0 | FY8: 0 | FZ8: 0 | GA8: 0 | GB8: 2 | GD8: 0 | GE8: 0 | GF8: 0 | GG8: 0 | GH8: 0 | GI8: 1 | GJ8: 0 | GK8: 0 | GL8: 0 | GM8: 0 | GN8: 0 | GO8: 0 | GP8: 0 | GQ8: 0 | GR8: 0 | GS8: 0 | GT8: 0 | GU8: 0 | GV8: 0 | GW8: 0 | GX8: 0 | GY8: 0 | GZ8: 0 | HA8: 0 | HB8: 0 | HC8: 0 | HD8: 0 | HE8: 0 | HF8: 0 | HG8: 0 | HH8: 0 | HI8: 0 | HJ8: 0 | HK8: 0 | HL8: 0 | HM8: 0 | HN8: 0 | HO8: 0 | HP8: 0 | HQ8: 0 | HR8: 0 | HS8: 0 | HT8: 0 | HU8: 0 | HV8: 0 | HW8: 0 | HX8: 0 | HY8: 0 | HZ8: 0 | IA8: 0 | IB8: 0 | IC8: 0 | ID8: 0 | IE8: 0 | IF8: 0 | IG8: 0 | IH8: 0 | II8: 0 | IJ8: 0 | IK8: 0 | IL8: 0 | IM8: 0 | IN8: 0 | IO8: 0 | IP8: 0 | IQ8: 0 | IS8: 3 | IT8: 0 | IU8: 0 | IV8: 0 | IW8: 0 | IX8: 0 | IY8: 0 | IZ8: marcada
A9: 9 | B9: Fernanda Cortes | C9: Mujer | D9: one | E9: 17 | F9: 25-07-2006 | G9: 24-10-2023 | H9: 07:35 pm | I9: 4 | J9: 4 | K9: 3 | L9: 4 | M9: 4 | N9: 4 | O9: 4 | P9: 4 | Q9: 4 | R9: 4 | S9: 4 | T9: 4 | U9: 4 | V9: 3 | W9: 4 | X9: 4 | Y9: 4 | Z9: 4 | AA9: 2 | AB9: 3 | AC9: 4 | AD9: 4 | AE9: 4 | AF9: 4 | AG9: 2 | AH9: 3 | AI9: 4 | AJ9: 4 | AK9: 4 | AL9: 4 | AM9: 3 | AN9: 3 | AO9: 4 | AP9: 3 | AQ9: 3 | AR9: 3 | AS9: 3 | AT9: 4 | AU9: 4 | AV9: 4 | AW9: 2 | AX9: 3 | AY9: 3 | AZ9: 2 | BA9: 3 | BB9: 2 | BC9: 2 | BD9: 3 | BE9: 4 | BF9: 4 | BG9: 4 | BH9: 4 | BI9: 4 | BJ9: 3 | BK9: 4 | BL9: 4 | BM9: cuando conozco a gente nueva pienso que piensan que soy fea, estupida, que lo les caigo bien, me siento insegura y me da miedo, o cuando pienso en mi futuro, me cuesta mucho concentrarme en la escuela y practicamente en cualquier situacion es como si estuviera pero no estuviera alli | BN9: 3 | BO9: 3 | BP9: 4 | BQ9: 4 | BR9: 4 | BS9: 4 | BT9: 4 | BU9: 4 | BV9: 3 | BW9: 4 | BX9: 4 | BY9: 4 | BZ9: 4 | CA9: 4 | CB9: 4 | CC9: 3 | CD9: 4 | CE9: 3 | CF9: 4 | CG9: 4 | CH9: 4 | CI9: 4 | CJ9: 3 | CK9: 4 | CL9: 4 | CM9: 4 | CN9: 4 | CO9: 4 | CP9: 4 | CQ9: 4 | CR9: 4 | CS9: 3 | CT9: 4 | CU9: 3 | CV9: 4 | CW9: 4 | CX9: 3 | CY9: 4 | CZ9: 4 | DA9: 4 | DB9: 3 | DC9: 2 | DD9: 3 | DE9: 4 | DF9: 4 | DG9: 4 | DH9: 4 | DI9: 4 | DJ9: 4 | DK9: 4 | DL9: 4 | DM9: 4 | DN9: 4 | DO9: 4 | DP9: 4 | DQ9: 4 | DR9: 4 | DS9: 4 | DT9: 4 | DU9: 3 | DV9: 4 | DW9: 4 | DX9: 4 | DY9: 4 | DZ9: 4 | EA9: 4 | EB9: 1 | EC9: 2 | ED9: 1 | EE9: 2 | EF9: 1 | EG9: 1 | EH9: 0 | EI9: 4 | EJ9: 4 | EK9: 4 | EL9: 4 | EM9: 4 | EN9: 2 | EO9: 2 | EP9: 2 | EQ9: 4 | ER9: 2 | ES9: 3 | ET9: 3 | EU9: 3 | EV9: 4 | EW9: 4 | EX9: 4 | EY9: 3 | EZ9: 2 | FA9: 4 | FB9: 3 | FC9: 4 | FD9: 4 | FE9: 2 | FF9: 4 | FG9: 4 | FH9: 4 | FI9: 4 | FJ9: 3 | FK9: 2 | FL9: 3 | FM9: 3 | FN9: 3 | FO9: 3 | FP9: 4 | FQ9: 3 | FR9: 2 | FS9: 2 | FT9: 2 | FU9: 3 | FV9: 4 | FW9: 4 | FX9: 4 | FY9: 4 | FZ9: 4 | GA9: 4 | GB9: 2 | GC9: cuando no me siento real | GD9: 3 | GE9: 3 | GF9: 4 | GG9: 4 | GH9: 4 | GI9: 3 | GJ9: 4 | GK9: 4 | GL9: 3 | GM9: 4 | GN9: 4 | GO9: 4 | GP9: 3 | GQ9: 4 | GR9: 3 | GS9: 4 | GT9: 4 | GU9: 4 | GV9: 4 | GW9: 3 | GX9: 2 | GY9: 4 | GZ9: 3 | HA9: 4 | HB9: 2 | HC9: 4 | HD9: 3 | HE9: 4 | HF9: 3 | HG9: 2 | HH9: 4 | HI9: 4 | HJ9: 4 | HK9: 4 | HL9: 4 | HM9: 4 | HN9: 4 | HO9: 4 | HP9: 4 | HQ9: 3 | HR9: 3 | HS9: 0 | HT9: 0 | HU9: 0 | HV9: 4 | HW9: 4 | HX9: 2 | HY9: 2 | HZ9: 2 | IA9: 4 | IB9: 4 | IC9: 4 | ID9: 4 | IE9: 4 | IF9: 3 | IG9: 3 | IH9: 2 | II9: 4 | IJ9: 2 | IK9: 4 | IL9: 4 | IM9: 3 | IN9: 1 | IO9: 1 | IP9: 1 | IQ9: 1 | IR9: cuando tengo que hacer cosas nuevas o cuando tengo que enfrentarme a algo o alguien | IS9: 4 | IT9: 4 | IU9: 4 | IV9: 4 | IW9: 3 | IX9: 4 | IY9: 4 | IZ9: marcada
A10: 10 | B10: Gabriela Alejandra Zamora Casas | C10: Mujer | D10: two | E10: 43 | F10: 18-04-1980 | G10: 31-10-2023 | H10: 03:15 pm | I10: 3 | J10: 1 | K10: 2 | L10: 2 | M10: 2 | N10: 3 | O10: 2 | P10: 1 | Q10: 1 | R10: 2 | S10: 2 | T10: 1 | U10: 1 | V10: 0 | W10: 2 | X10: 1 | Y10: 2 | Z10: 2 | AA10: 0 | AB10: 0 | AC10: 0 | AD10: 0 | AE10: 1 | AF10: 0 | AG10: 1 | AH10: 0 | AI10: 3 | AJ10: 2 | AK10: 2 | AL10: 2 | AM10: 0 | AN10: 1 | AO10: 3 | AP10: 1 | AQ10: 1 | AR10: 0 | AS10: 0 | AT10: 0 | AU10: 2 | AV10: 0 | AW10: 2 | AX10: 1 | AY10: 1 | AZ10: 2 | BA10: 1 | BB10: 0 | BC10: 0 | BD10: 0 | BE10: 1 | BF10: 3 | BG10: 3 | BH10: 2 | BI10: 2 | BJ10: 2 | BK10: 2 | BL10: 2 | BU10: 0 | BV10: 1 | BW10: 2 | BX10: 0 | BY10: 0 | BZ10: 0 | CA10: 0 | CB10: 2 | CC10: 0 | CD10: 0 | CE10: 1 | CF10: 0 | CG10: 0 | CH10: 0 | CI10: 2 | CJ10: 0 | CK10: 0 | CL10: 2 | CM10: 0 | CN10: 0 | CO10: 1 | CP10: 0 | CQ10: 1 | CR10: 1 | CS10: 1 | CT10: 0 | CU10: 0 | CV10: 2 | CW10: 0 | CX10: 0 | CY10: 0 | CZ10: 0 | DA10: 1 | DB10: 0 | DC10: 0 | DD10: 0 | DE10: 2 | DF10: 0 | DG10: 1 | DH10: 1 | DI10: 0 | DJ10: 1 | DK10: 0 | DL10: 0 | DM10: 0 | DN10: 0 | DO10: 0 | DP10: 0 | DQ10: 0 | DR10: 0 | DS10: 0 | DT10: 0 | DU10: 0 | DV10: 0 | DW10: 0 | DX10: 1 | DY10: 0 | DZ10: 0 | EA10: 0 | EB10: 0 | EC10: 0 | ED10: 0 | EE10: 0 | EF10: 0 | EG10: 0 | EH10: 0 | EI10: 0 | EJ10: 0 | EK10: 1 | EL10: 0 | EM10: 0 | EN10: 0 | EO10: 0 | EP10: 0 | EQ10: 1 | ER10: 0 | ES10: 1 | ET10: 0 | EU10: 0 | EV10: 0 | EW10: 1 | EX10: 0 | EY10: 0 | EZ10: 0 | FA10: 1 | FB10: 0 | FC10: 0 | FD10: 0 | FE10: 0 | FF10: 1 | FG10: 0 | FH10: 0 | FI10: 0 | FJ10: 0 | FK10: 0 | FL10: 0 | FM10: 1 | FN10: 1 | FO10: 0 | FP10: 0 | FQ10: 0 | FR10: 0 | FS10: 0 | FT10: 0 | FU10: 0 | FV10: 0 | FW10: 0 | FX10: 0 | FY10: 0 | FZ10: 0 | GA10: 0 | GB10: 1 | GN10: 0 | GO10: 0 | GP10: 0 | GQ10: 1 | GR10: 0 | GS10: 2 | GT10: 1 | GU10: 1 | GV10: 0 | GW10: 0 | GX10: 0 | GY10: 2 | GZ10: 0 | HA10: 0 | HB10: 1 | HC10: 0 | HD10: 0 | HE10: 0 | HF10: 0 | HG10: 0 | HH10: 0 | HI10: 1 | HJ10: 0 | HK10: 0 | HL10: 0 | HM10: 0 | HN10: 0 | HO10: 0 | HP10: 0 | HQ10: 0 | HR10: 0 | HS10: 0 | HT10: 0 | HU10: 0 | HV10: 2 | HW10: 2 | HX10: 0 | HY10: 0 | HZ10: 0 | IA10: 0 | IB10: 1 | IC10: 0 | ID10: 0 | IE10: 0 | IF10: 0 | IG10: 0 | IH10: 0 | II10: 0 | IJ10: 0 | IK10: 0 | IL10: 0 | IM10: 0 | IN10: 0 | IO10: 0 | IP10: 0 | IQ10: 0 | IS10: 1 | IT10: 0 | IU10: 2 | IV10: 1 | IW10: 0 | IX10: 0 | IY10: 0 | IZ10: marcada
A11: 11 | B11: Iridian Zurizaid Garcia de la Rosa | C11: Mujer | D11: one | E11: 25 | F11: 20-12-2023 | G11: 01-11-2023 | H11: 08:17 am | I11: 2 | J11: 1 | K11: 2 | L11: 3 | M11: 2 | N11: 2 | O11: 2 | P11: 0 | Q11: 1 | R11: 1 | S11: 0 | T11: 2 | U11: 0 | V11: 2 | W11: 0 | X11: 0 | Y11: 0 | Z11: 0 | AA11: 1 | AB11: 1 | AC11: 1 | AD11: 0 | AE11: 1 | AF11: 0 | AG11: 0 | AH11: 0 | AI11: 3 | AJ11: 3 | AK11: 3 | AL11: 2 | AM11: 0 | AN11: 0 | AO11: 1 | AP11: 1 | AQ11: 0 | AR11: 1 | AS11: 1 | AT11: 0 | AU11: 2 | AV11: 2 | AW11: 0 | AX11: 0 | AY11: 0 | AZ11: 0 | BA11: 0 | BB11: 2 | BC11: 0 | BD11: 2 | BE11: 2 | BF11: 0 | BG11: 1 | BH11: 3 | BI11: 3 | BJ11: 1 | BK11: 0 | BL11: 0 | BM11: Cuando voy a un lugar con mucha gente, me siento incómoda, me cuesta concentrarme | BN11: 2 | BO11: 1 | BP11: 1 | BQ11: 2 | BR11: 2 | BS11: 1 | BT11: 0 | BU11: 2 | BV11: 2 | BW11: 2 | BX11: 1 | BY11: 1 | BZ11: 2 | CA11: 0 | CB11: 1 | CC11: 2 | CD11: 2 | CE11: 1 | CF11: 1 | CG11: 1 | CH11: 2 | CI11: 3 | CJ11: 1 | CK11: 1 | CL11: 2 | CM11: 2 | CN11: 2 | CO11: 1 | CP11: 2 | CQ11: 2 | CR11: 1 | CS11: 1 | CT11: 0 | CU11: 0 | CV11: 1 | CW11: 2 | CX11: 1 | CY11: 1 | CZ11: 2 | DA11: 2 | DB11: 1 | DC11: 1 | DD11: 2 | DE11: 1 | DF11: 2 | DG11: 3 | DH11: 2 | DI11: 2 | DJ11: 1 | DK11: 1 | DL11: 1 | DM11: 1 | DN11: 1 | DO11: 1 | DP11: 1 | DQ11: 1 | DR11: 1 | DS11: 1 | DT11: 1 | DU11: 1 | DV11: 1 | DW11: 0 | DX11: 2 | DY11: 1 | DZ11: 1 | EA11: 0 | EB11: 0 | EC11: 0 | ED11: 0 | EE11: 0 | EF11: 0 | EG11: 0 | EH11: 0 | EI11: 2 | EJ11: 3 | EK11: 4 | EL11: 2 | EM11: 1 | EN11: 0 | EO11: 0 | EP11: 0 | EQ11: 1 | ER11: 1 | ES11: 1 | ET11: 1 | EU11: 1 | EV11: 1 | EW11: 1 | EX11: 1 | EY11: 1 | EZ11: 1 | FA11: 1 | FB11: 1 | FC11: 1 | FD11: 2 | FE11: 2 | FF11: 2 | FG11: 2 | FH11: 1 | FI11: 2 | FJ11: 1 | FK11: 0 | FL11: 0 | FM11: 0 | FN11: 0 | FO11: 0 | FP11: 0 | FQ11: 4 | FR11: 3 | FS11: 3 | FT11: 3 | FU11: 2 | FV11: 2 | FW11: 3 | FX11: 2 | FY11: 3 | FZ11: 2 | GA11: 2 | GB11: 2 | GC11: Cuando veo alguna película de terror o suspenso me duele mucho la cabeza, me siento muy nerviosa, me duele el estómago y tengo náuseas | GD11: 3 | GE11: 1 | GF11: 2 | GG11: 3 | GH11: 2 | GI11: 2 | GJ11: 2 | GK11: 2 | GL11: 3 | GM11: 1 | GN11: 4 | GO11: 4 | GP11: 2 | GQ11: 4 | GR11: 4 | GS11: 2 | GT11: 4 | GU11: 4 | GV11: 4 | GW11: 2 | GX11: 2 | GY11: 4 | GZ11: 4 | HA11: 2 | HB11: 2 | HC11: 3 | HD11: 2 | HE11: 2 | HF11: 2 | HG11: 2 | HH11: 4 | HI11: 4 | HJ11: 2 | HK11: 3 | HL11: 2 | HM11: 2 | HN11: 2 | HO11: 4 | HP11: 4 | HQ11: 4 | HR11: 2 | HS11: 0 | HT11: 2 | HU11: 0 | HV11: 4 | HW11: 4 | HX11: 0 | HY11: 0 | HZ11: 1 | IA11: 4 | IB11: 2 | IC11: 1 | ID11: 4 | IE11: 2 | IF11: 4 | IG11: 2 | IH11: 2 | II11: 2 | IJ11: 2 | IK11: 1 | IL11: 1 | IM11: 0 | IN11: 4 | IO11: 4 | IP11: 1 | IQ11: 2 | IR11: Cuando me siento muy tensa, tiendo a cortarme el cabello con las manos y a mover el pie | IS11: 4 | IT11: 4 | IU11: 3 | IV11: 3 | IW11: 4 | IX11: 2 | IY11: 2 | IZ11: marcada
A12: 12 | B12: Karen Sofia Macias Muñoz | C12: Mujer | D12: Unión-Libre | E12: 29 | F12: 24-03-1994 | G12: 15-11-2023 | H12: 11:58 pm | I12: 2 | J12: 3 | K12: 2 | L12: 3 | M12: 1 | N12: 3 | O12: 1 | P12: 0 | Q12: 0 | R12: 1 | S12: 2 | T12: 0 | U12: 0 | V12: 2 | W12: 2 | X12: 0 | Y12: 2 | Z12: 1 | AA12: 3 | AB12: 2 | AC12: 2 | AD12: 0 | AE12: 0 | AF12: 0 | AG12: 0 | AH12: 0 | AI12: 2 | AJ12: 3 | AK12: 1 | AL12: 2 | AM12: 0 | AN12: 1 | AO12: 3 | AP12: 0 | AQ12: 0 | AR12: 0 | AS12: 0 | AT12: 0 | AU12: 1 | AV12: 0 | AW12: 0 | AX12: 0 | AY12: 0 | AZ12: 0 | BA12: 0 | BB12: 0 | BC12: 0 | BD12: 2 | BE12: 2 | BF12: 2 | BG12: 2 | BH12: 2 | BI12: 1 | BJ12: 3 | BK12: 3 | BL12: 0 | BM12: Problemas economicos y con mi pareja | BN12: 3 | BO12: 3 | BP12: 3 | BQ12: 3 | BR12: 3 | BS12: 3 | BT12: 0 | BU12: 1 | BV12: 0 | BW12: 0 | BX12: 0 | BY12: 0 | BZ12: 0 | CA12: 0 | CB12: 0 | CC12: 0 | CD12: 0 | CE12: 0 | CF12: 0 | CG12: 0 | CH12: 0 | CI12: 0 | CJ12: 0 | CK12: 0 | CL12: 1 | CM12: 0 | CN12: 0 | CO12: 0 | CP12: 0 | CQ12: 0 | CR12: 0 | CS12: 0 | CT12: 0 | CU12: 0 | CV12: 0 | CW12: 0 | CX12: 0 | CY12: 0 | CZ12: 0 | DA12: 0 | DB12: 0 | DC12: 0 | DD12: 0 | DE12: 0 | DF12: 0 | DG12: 1 | DH12: 0 | DI12: 0 | DJ12: 0 | DK12: 0 | DL12: 0 | DM12: 0 | DN12: 0 | DO12: 0 | DP12: 0 | DQ12: 0 | DR12: 0 | DS12: 0 | DT12: 0 | DU12: 0 | DV12: 0 | DW12: 0 | DX12: 0 | DY12: 0 | DZ12: 0 | EA12: 0 | EB12: 0 | EC12: 0 | ED12: 0 | EE12: 0 | EF12: 0 | EG12: 0 | EH12: 0 | EI12: 0 | EJ12: 0 | EK12: 1 | EL12: 0 | EM12: 0 | EN12: 0 | EO12: 0 | EP12: 0 | EQ12: 0 | ER12: 0 | ES12: 0 | ET12: 0 | EU12: 0 | EV12: 0 | EW12: 1 | EX12: 0 | EY12: 0 | EZ12: 0 | FA12: 0 | FB12: 0 | FC12: 0 | FD12: 0 | FE12: 0 | FF12: 0 | FG12: 0 | FH12: 0 | FI12: 0 | FJ12: 0 | FK12: 0 | FL12: 0 | FM12: 0 | FN12: 0 | FO12: 0 | FP12: 0 | FQ12: 0 | FR12: 0 | FS12: 0 | FT12: 0 | FU12: 0 | FV12: 0 | FW12: 0 | FX12: 0 | FY12: 0 | FZ12: 0 | GA12: 0 | GB12: 0 | GC12: Cuanto tengo muchas cosas que hacer o se me junta todo | GD12: 0 | GE12: 0 | GF12: 0 | GG12: 3 | GH12: 1 | GI12: 0 | GJ12: 0 | GK12: 0 | GL12: 0 | GM12: 0 | GN12: 2 | GO12: 0 | GP12: 0 | GQ12: 0 | GR12: 0 | GS12: 0 | GT12: 0 | GU12: 3 | GV12: 1 | GW12: 0 | GX12: 0 | GY12: 1 | GZ12: 0 | HA12: 0 | HB12: 0 | HC12: 2 | HD12: 0 | HE12: 0 | HF12: 0 | HG12: 0 | HH12: 0 | HI12: 1 | HJ12: 0 | HK12: 0 | HL12: 0 | HM12: 0 | HN12: 0 | HO12: 2 | HP12: 1 | HQ12: 0 | HR12: 0 | HS12: 0 | HT12: 0 | HU12: 0 | HV12: 0 | HW12: 0 | HX12: 0 | HY12: 0 | HZ12: 0 | IA12: 2 | IB12: 1 | IC12: 0 | ID12: 0 | IE12: 0 | IF12: 0 | IG12: 0 | IH12: 0 | II12: 0 | IJ12: 0 | IK12: 0 | IL12: 0 | IM12: 0 | IN12: 0 | IO12: 0 | IP12: 0 | IQ12: 3 | IR12: Cuando estoy estresada o discuto con mi pareja o me altero con mis hijos | IS12: 3 | IT12: 2 | IU12: 3 | IV12: 2 | IW12: 2 | IX12: 0 | IY12: 0 | IZ12: marcada
A13: 13 | B13: MARIA DEL CARMEN ACOSTA SOSA | C13: Mujer | D13: two | E13: 56 | F13: 26-05-1967 | G13: 23-11-2023 | H13: 12:40 pm | I13: 3 | J13: 3 | K13: 0 | L13: 2 | M13: 2 | N13: 4 | O13: 3 | P13: 1 | Q13: 1 | R13: 0 | S13: 0 | T13: 2 | U13: 0 | V13: 3 | W13: 1 | X13: 0 | Y13: 0 | Z13: 0 | AA13: 1 | AB13: 0 | AC13: 1 | AD13: 0 | AE13: 2 | AF13: 0 | AG13: 0 | AH13: 0 | AI13: 4 | AJ13: 2 | AK13: 2 | AL13: 3 | AM13: 4 | AN13: 0 | AO13: 1 | AP13: 1 | AQ13: 2 | AR13: 2 | AS13: 2 | AT13: 0 | AU13: 0 | AV13: 0 | AW13: 1 | AX13: 0 | AY13: 0 | AZ13: 2 | BA13: 0 | BB13: 2 | BC13: 0 | BD13: 1 | BE13: 1 | BF13: 2 | BG13: 2 | BH13: 2 | BI13: 3 | BJ13: 1 | BK13: 1 | BL13: 0 | BN13: 3 | BO13: 0 | BP13: 3 | BQ13: 3 | BR13: 2 | BS13: 2 | BT13: 2 | BU13: 0 | BV13: 1 | BW13: 3 | BX13: 0 | BY13: 0 | BZ13: 0 | CA13: 0 | CB13: 2 | CC13: 0 | CD13: 0 | CE13: 0 | CF13: 3 | CG13: 0 | CH13: 0 | CI13: 0 | CJ13: 0 | CK13: 0 | CL13: 0 | CM13: 0 | CN13: 0 | CO13: 0 | CP13: 0 | CQ13: 3 | CR13: 0 | CS13: 0 | CT13: 0 | CU13: 0 | CV13: 0 | CW13: 1 | CX13: 0 | CY13: 0 | CZ13: 0 | DA13: 0 | DB13: 0 | DC13: 0 | DD13: 0 | DE13: 0 | DF13: 0 | DG13: 0 | DH13: 0 | DI13: 0 | DJ13: 0 | DK13: 0 | DL13: 0 | DM13: 1 | DN13: 0 | DO13: 0 | DP13: 0 | DQ13: 0 | DR13: 0 | DS13: 0 | DT13: 0 | DU13: 0 | DV13: 0 | DW13: 0 | DX13: 0 | DY13: 0 | DZ13: 0 | EA13: 0 | EB13: 0 | EC13: 0 | ED13: 0 | EE13: 0 | EF13: 0 | EG13: 0 | EH13: 0 | EI13: 0 | EJ13: 0 | EK13: 0 | EL13: 0 | EM13: 0 | EN13: 0 | EO13: 0 | EP13: 0 | EQ13: 0 | ER13: 0 | ES13: 0 | ET13: 0 | EU13: 0 | EV13: 0 | EW13: 2 | EX13: 2 | EY13: 0 | EZ13: 0 | FA13: 0 | FB13: 0 | FC13: 0 | FD13: 0 | FE13: 0 | FF13: 0 | FG13: 0 | FH13: 0 | FI13: 0 | FJ13: 0 | FK13: 0 | FL13: 0 | FM13: 0 | FN13: 0 | FO13: 0 | FP13: 0 | FQ13: 2 | FR13: 0 | FS13: 0 | FT13: 0 | FU13: 0 | FV13: 0 | FW13: 0 | FX13: 0 | FY13: 0 | FZ13: 0 | GA13: 0 | GB13: 0 | GD13: 0 | GE13: 0 | GF13: 0 | GG13: 0 | GH13: 3 | GI13: 0 | GJ13: 0 | GK13: 0 | GL13: 0 | GM13: 0 | GN13: 2 | GO13: 1 | GP13: 1 | GQ13: 2 | GR13: 1 | GS13: 1 | GT13: 1 | GU13: 0 | GV13: 1 | GW13: 0 | GX13: 0 | GY13: 0 | GZ13: 0 | HA13: 0 | HB13: 0 | HC13: 0 | HD13: 0 | HE13: 0 | HF13: 0 | HG13: 0 | HH13: 0 | HI13: 0 | HJ13: 0 | HK13: 2 | HL13: 0 | HM13: 0 | HN13: 0 | HO13: 2 | HP13: 0 | HQ13: 1 | HR13: 0 | HS13: 0 | HT13: 0 | HU13: 0 | HV13: 0 | HW13: 0 | HX13: 0 | HY13: 0 | HZ13: 0 | IA13: 3 | IB13: 0 | IC13: 0 | ID13: 2 | IE13: 0 | IF13: 1 | IG13: 0 | IH13: 0 | II13: 0 | IJ13: 1 | IK13: 0 | IL13: 0 | IM13: 0 | IN13: 0 | IO13: 0 | IP13: 0 | IQ13: 0 | IS13: 0 | IT13: 3 | IU13: 0 | IV13: 3 | IW13: 3 | IX13: 1 | IY13: 0 | IZ13: marcada
A14: 14 | B14: Alan Eduardo Torres Compeán | C14: Hombre | D14: Unión-Libre | E14: 15 | F14: 26-09-2008 | G14: 09-09-2023 | H14: 04:26 pm | I14: 0 | J14: 0 | K14: 0 | L14: 0 | M14: 0 | N14: 0 | O14: 0 | P14: 0 | Q14: 0 | R14: 0 | S14: 0 | T14: 0 | U14: 0 | V14: 3 | W14: 2 | X14: 3 | Y14: 2 | Z14: 4 | AA14: 3 | AB14: 4 | AC14: 0 | AD14: 3 | AE14: 2 | AF14: 2 | AG14: 4 | AH14: 0 | AI14: 2 | AJ14: 4 | AK14: 0 | AL14: 4 | AM14: 3 | AN14: 3 | AO14: 3 | AP14: 2 | AQ14: 1 | AR14: 2 | AS14: 2 | AT14: 2 | AU14: 3 | AV14: 3 | AW14: 2 | AX14: 2 | AY14: 3 | AZ14: 3 | BA14: 3 | BB14: 2 | BC14: 0 | BD14: 0 | BE14: 2 | BF14: 2 | BG14: 2 | BH14: 2 | BI14: 2 | BJ14: 2 | BK14: 2 | BL14: 2 | BN14: 0 | BO14: 0 | BP14: 0 | BQ14: 0 | BR14: 0 | BS14: 0 | BT14: 0 | BU14: 0 | BV14: 0 | BW14: 0 | BX14: 0 | BY14: 0 | BZ14: 0 | CA14: 0 | CB14: 0 | CC14: 0 | CD14: 0 | CE14: 0 | CF14: 0 | CG14: 0 | CH14: 0 | CI14: 0 | CJ14: 0 | CK14: 0 | CL14: 0 | CM14: 0 | CN14: 0 | CO14: 0 | CP14: 0 | CQ14: 0 | CR14: 0 | CS14: 0 | CT14: 0 | CU14: 0 | CV14: 0 | CW14: 0 | CX14: 0 | CY14: 0 | CZ14: 0 | DA14: 0 | DB14: 0 | DC14: 0 | DD14: 0 | DE14: 0 | DF14: 0 | DG14: 0 | DH14: 0 | DI14: 0 | DJ14: 0 | DK14: 0 | DL14: 0 | DM14: 0 | DN14: 0 | DO14: 0 | DP14: 0 | DQ14: 0 | DR14: 0 | DS14: 0 | DT14: 0 | DU14: 0 | DV14: 0 | DW14: 0 | DX14: 0 | DY14: 0 | DZ14: 0 | EA14: 0 | EB14: 0 | EC14: 0 | ED14: 0 | EE14: 0 | EF14: 0 | EG14: 0 | EH14: 0 | EI14: 0 | EJ14: 0 | EK14: 0 | EL14: 0 | EM14: 0 | EN14: 0 | EO14: 0 | EP14: 0 | EQ14: 0 | ER14: 0 | ES14: 0 | ET14: 0 | EU14: 0 | EV14: 0 | EW14: 0 | EX14: 0 | EY14: 0 | EZ14: 0 | FA14: 0 | FB14: 0 | FC14: 0 | FD14: 0 | FE14: 0 | FF14: 0 | FG14: 0 | FH14: 0 | FI14: 0 | FJ14: 0 | FK14: 0 | FL14: 0 | FM14: 0 | FN14: 0 | FO14: 0 | FP14: 0 | FQ14: 0 | FR14: 0 | FS14: 0 | FT14: 0 | FU14: 0 | FV14: 0 | FW14: 0 | FX14: 0 | FY14: 0 | FZ14: 0 | GA14: 0 | GB14: 0 | GD14: 0 | GE14: 0 | GF14: 0 | GG14: 0 | GH14: 0 | GI14: 0 | GK14: 0 | GL14: 0 | GM14: 0 | GN14: 0 | GO14: 0 | GP14: 0 | GQ14: 0 | GR14: 0 | GS14: 0 | GT14: 0 | GU14: 0 | GV14: 0 | GW14: 0 | GX14: 0 | GY14: 0 | GZ14: 0 | HA14: 0 | HB14: 0 | HC14: 0 | HD14: 0 | HE14: 0 | HF14: 0 | HG14: 0 | HH14: 0 | HI14: 0 | HJ14: 0 | HK14: 0 | HL14: 0 | HM14: 0 | HN14: 0 | HO14: 0 | HP14: 0 | HQ14: 0 | HR14: 0 | HS14: 0 | HT14: 0 | HU14: 0 | HV14: 0 | HW14: 0 | HX14: 0 | HY14: 0 | HZ14: 0 | IA14: 0 | IB14: 0 | IC14: 0 | ID14: 0 | IE14: 0 | IF14: 0 | IG14: 0 | IH14: 0 | II14: 0 | IJ14: 0 | IK14: 0 | IL14: 0 | IM14: 0 | IN14: 0 | IO14: 0 | IP14: 0 | IQ14: 0 | IS14: 0 | IT14: 0 | IU14: 0 | IV14: 0 | IW14: 0 | IX14: 0 | IY14: 2 | IZ14: marcada
A15: 15 | B15: Claudia isela Vasquez medina | C15: Mujer | D15: two | E15: 44 | F15: 01-08-1979 | G15: 08-12-2023 | H15: 10:05 am | I15: 1 | J15: 2 | K15: 3 | L15: 0 | M15: 1 | N15: 2 | O15: 2 | P15: 0 | Q15: 0 | R15: 1 | S15: 0 | T15: 0 | U15: 0 | V15: 0 | W15: 1 | X15: 1 | Y15: 0 | Z15: 0 | AA15: 1 | AB15: 0 | AC15: 0 | AD15: 0 | AE15: 0 | AF15: 3 | AG15: 4 | AH15: 3 | AI15: 0 | AJ15: 3 | AK15: 0 | AL15: 1 | AM15: 1 | AN15: 0 | AO15: 2 | AP15: 2 | AQ15: 0 | AR15: 2 | AS15: 2 | AT15: 0 | AU15: 0 | AV15: 0 | AW15: 3 | AX15: 2 | AY15: 4 | AZ15: 3 | BA15: 1 | BB15: 3 | BC15: 0 | BD15: 3 | BE15: 1 | BF15: 0 | BG15: 0 | BH15: 0 | BI15: 1 | BJ15: 2 | BK15: 1 | BL15: 0 | BN15: 3 | BO15: 0 | BP15: 0 | BQ15: 0 | BR15: 2 | BS15: 3 | BT15: 1 | BU15: 0 | BV15: 1 | BW15: 1 | BX15: 0 | BY15: 0 | BZ15: 0 | CA15: 0 | CB15: 2 | CC15: 0 | CD15: 1 | CE15: 1 | CF15: 2 | CG15: 2 | CH15: 0 | CI15: 2 | CJ15: 0 | CK15: 2 | CL15: 2 | CM15: 2 | CN15: 1 | CO15: 2 | CP15: 0 | CQ15: 2 | CR15: 0 | CS15: 1 | CT15: 0 | CU15: 0 | CV15: 1 | CW15: 1 | CX15: 0 | CY15: 0 | CZ15: 0 | DA15: 0 | DB15: 0 | DC15: 0 | DD15: 0 | DE15: 3 | DF15: 3 | DG15: 3 | DH15: 3 | DI15: 3 | DJ15: 3 | DK15: 3 | DL15: 0 | DM15: 0 | DN15: 0 | DO15: 0 | DP15: 0 | DQ15: 0 | DR15: 0 | DS15: 1 | DT15: 0 | DU15: 0 | DV15: 0 | DW15: 0 | DX15: 2 | DY15: 3 | DZ15: 0 | EA15: 0 | EB15: 2 | EC15: 2 | ED15: 2 | EE15: 2 | EF15: 3 | EG15: 4 | EH15: 3 | EI15: 3 | EJ15: 3 | EK15: 3 | EL15: 2 | EM15: 0 | EN15: 1 | EO15: 2 | EP15: 2 | EQ15: 0 | ER15: 0 | ES15: 0 | ET15: 0 | EU15: 3 | EV15: 2 | EW15: 2 | EX15: 2 | EY15: 1 | EZ15: 0 | FA15: 2 | FB15: 2 | FC15: 3 | FD15: 2 | FE15: 2 | FF15: 0 | FG15: 0 | FH15: 0 | FI15: 0 | FJ15: 0 | FK15: 3 | FL15: 3 | FM15: 3 | FN15: 3 | FO15: 0 | FP15: 4 | FQ15: 3 | FR15: 3 | FS15: 3 | FT15: 3 | FU15: 0 | FV15: 0 | FW15: 0 | FX15: 0 | FY15: 0 | FZ15: 0 | GA15: 0 | GB15: 3 | GD15: 2 | GE15: 2 | GF15: 2 | GG15: 3 | GH15: 3 | GI15: 3 | GJ15: 3 | GK15: 2 | GL15: 1 | GM15: 0 | GN15: 0 | GO15: 0 | GP15: 0 | GQ15: 0 | GR15: 0 | GS15: 0 | GT15: 0 | GU15: 0 | GV15: 0 | GW15: 0 | GX15: 0 | GY15: 0 | GZ15: 0 | HA15: 0 | HB15: 0 | HC15: 0 | HD15: 0 | HE15: 0 | HF15: 0 | HG15: 0 | HH15: 0 | HI15: 0 | HJ15: 0 | HK15: 0 | HL15: 0 | HM15: 0 | HN15: 0 | HO15: 0 | HP15: 0 | HQ15: 0 | HR15: 0 | HS15: 0 | HT15: 0 | HU15: 0 | HV15: 1 | HW15: 0 | HX15: 2 | HY15: 0 | HZ15: 0 | IA15: 0 | IB15: 0 | IC15: 0 | ID15: 0 | IE15: 0 | IF15: 0 | IG15: 0 | IH15: 0 | II15: 0 | IJ15: 0 | IK15: 0 | IL15: 0 | IM15: 0 | IN15: 0 | IO15: 0 | IP15: 0 | IQ15: 0 | IS15: 0 | IT15: 1 | IU15: 0 | IV15: 0 | IW15: 0 | IX15: 0 | IY15: 0 | IZ15: marcada
A16: 16 | B16: Marisol Guadalupe Cepeda Soto | C16: Mujer | D16: two | E16: 33 | F16: 07-10-2023 | G16: 29-12-2023 | H16: 10:54 am | I16: 3 | J16: 1 | K16: 2 | L16: 3 | M16: 2 | N16: 4 | O16: 2 | P16: 0 | Q16: 0 | R16: 1 | S16: 1 | T16: 0 | U16: 1 | V16: 3 | W16: 1 | X16: 0 | Y16: 1 | Z16: 0 | AA16: 2 | AB16: 2 | AC16: 2 | AD16: 0 | AE16: 0 | AF16: 3 | AG16: 3 | AH16: 3 | AI16: 2 | AJ16: 3 | AK16: 3 | AL16: 1 | AM16: 2 | AN16: 2 | AO16: 2 | AP16: 1 | AQ16: 0 | AR16: 0 | AS16: 0 | AT16: 0 | AU16: 2 | AV16: 2 | AW16: 3 | AX16: 1 | AY16: 1 | AZ16: 3 | BA16: 0 | BB16: 3 | BC16: 1 | BD16: 3 | BE16: 0 | BF16: 0 | BG16: 2 | BH16: 0 | BI16: 1 | BJ16: 0 | BK16: 1 | BL16: 0 | BM16: Cuando me veo quedarme sin trabajo | BN16: 3 | BO16: 3 | BP16: 3 | BQ16: 3 | BR16: 3 | BS16: 2 | BT16: 1 | BU16: 2 | BV16: 2 | BW16: 1 | BX16: 0 | BY16: 1 | BZ16: 0 | CA16: 0 | CB16: 1 | CC16: 1 | CD16: 1 | CE16: 1 | CF16: 0 | CG16: 0 | CH16: 0 | CI16: 0 | CJ16: 0 | CK16: 0 | CL16: 0 | CM16: 0 | CN16: 0 | CO16: 0 | CP16: 0 | CQ16: 2 | CR16: 2 | CS16: 2 | CT16: 0 | CU16: 0 | CV16: 0 | CW16: 0 | CX16: 0 | CY16: 0 | CZ16: 0 | DA16: 0 | DB16: 0 | DC16: 0 | DD16: 0 | DE16: 0 | DF16: 0 | DG16: 0 | DH16: 0 | DI16: 0 | DJ16: 0 | DK16: 0 | DL16: 0 | DM16: 1 | DN16: 1 | DO16: 1 | DP16: 0 | DQ16: 1 | DR16: 2 | DS16: 0 | DT16: 0 | DU16: 0 | DV16: 0 | DW16: 0 | DX16: 2 | DY16: 1 | DZ16: 1 | EA16: 1 | EB16: 3 | EC16: 3 | ED16: 2 | EE16: 3 | EF16: 3 | EG16: 3 | EH16: 1 | EI16: 0 | EJ16: 0 | EK16: 0 | EL16: 0 | EM16: 0 | EN16: 0 | EO16: 0 | EP16: 0 | EQ16: 0 | ER16: 0 | ES16: 0 | ET16: 0 | EU16: 0 | EV16: 0 | EW16: 0 | EX16: 3 | EY16: 2 | EZ16: 0 | FA16: 0 | FB16: 0 | FC16: 2 | FD16: 0 | FE16: 0 | FF16: 0 | FG16: 0 | FH16: 0 | FI16: 0 | FJ16: 0 | FK16: 0 | FL16: 0 | FM16: 2 | FN16: 0 | FO16: 3 | FP16: 2 | FQ16: 2 | FR16: 2 | FS16: 2 | FT16: 2 | FU16: 2 | FV16: 2 | FW16: 2 | FX16: 0 | FY16: 0 | FZ16: 0 | GA16: 0 | GB16: 0 | GC16: Cuando pienso en el futuro | GD16: 0 | GE16: 0 | GF16: 0 | GG16: 2 | GH16: 2 | GI16: 1 | GJ16: 0 | GK16: 0 | GL16: 0 | GM16: 0 | GN16: 1 | GO16: 0 | GP16: 1 | GQ16: 1 | GR16: 0 | GS16: 2 | GT16: 2 | GU16: 0 | GV16: 0 | GW16: 0 | GX16: 0 | GY16: 0 | GZ16: 0 | HA16: 0 | HB16: 0 | HC16: 0 | HD16: 0 | HE16: 0 | HF16: 0 | HG16: 0 | HH16: 0 | HI16: 0 | HJ16: 0 | HK16: 2 | HL16: 0 | HM16: 0 | HN16: 0 | HO16: 2 | HP16: 0 | HQ16: 0 | HR16: 2 | HS16: 2 | HT16: 2 | HU16: 2 | HV16: 2 | HW16: 0 | HX16: 0 | HY16: 0 | HZ16: 0 | IA16: 3 | IB16: 0 | IC16: 0 | ID16: 0 | IE16: 0 | IF16: 0 | IG16: 0 | IH16: 0 | II16: 0 | IJ16: 0 | IK16: 0 | IL16: 0 | IM16: 1 | IN16: 0 | IO16: 0 | IP16: 0 | IQ16: 0 | IR16: Cuando hay algo nuevo que hacer | IS16: 1 | IT16: 0 | IU16: 0 | IV16: 0 | IW16: 0 | IX16: 0 | IY16: 0 | IZ16: marcada
A17: 17 | B17: Judith Nájera Corpi | C17: Mujer | D17: two | E17: 53 | F17: 02-09-1970 | G17: 29-12-2023 | H17: 04:01 pm | I17: 3 | J17: 2 | K17: 2 | L17: 3 | M17: 3 | N17: 2 | O17: 2 | P17: 2 | Q17: 2 | R17: 2 | S17: 1 | T17: 1 | U17: 0 | V17: 0 | W17: 2 | X17: 1 | Y17: 1 | Z17: 2 | AA17: 2 | AB17: 1 | AC17: 1 | AD17: 1 | AE17: 1 | AF17: 0 | AG17: 0 | AH17: 0 | AI17: 2 | AJ17: 2 | AK17: 3 | AL17: 2 | AM17: 0 | AN17: 1 | AO17: 2 | AP17: 0 | AQ17: 0 | AR17: 0 | AS17: 0 | AT17: 0 | AU17: 1 | AV17: 0 | AW17: 1 | AX17: 0 | AY17: 1 | AZ17: 1 | BA17: 0 | BB17: 2 | BC17: 0 | BD17: 2 | BE17: 2 | BF17: 2 | BG17: 2 | BH17: 2 | BI17: 1 | BJ17: 3 | BK17: 2 | BL17: 1 | BN17: 2 | BO17: 3 | BP17: 3 | BQ17: 3 | BR17: 1 | BS17: 3 | BT17: 1 | BU17: 1 | BV17: 3 | BW17: 2 | BX17: 0 | BY17: 1 | BZ17: 0 | CA17: 2 | CB17: 2 | CC17: 1 | CD17: 3 | CE17: 3 | CF17: 2 | CG17: 1 | CH17: 1 | CI17: 2 | CJ17: 3 | CK17: 2 | CL17: 4 | CM17: 2 | CN17: 2 | CO17: 3 | CP17: 0 | CQ17: 3 | CR17: 2 | CS17: 3 | CT17: 0 | CU17: 0 | CV17: 0 | CW17: 0 | CX17: 0 | CY17: 0 | CZ17: 0 | DA17: 3 | DB17: 3 | DC17: 0 | DD17: 0 | DE17: 1 | DF17: 4 | DG17: 4 | DH17: 3 | DI17: 3 | DJ17: 1 | DK17: 1 | DL17: 1 | DM17: 0 | DN17: 0 | DO17: 0 | DP17: 1 | DQ17: 1 | DR17: 0 | DS17: 1 | DT17: 1 | DU17: 1 | DV17: 0 | DW17: 1 | DX17: 3 | DY17: 2 | DZ17: 3 | EA17: 3 | EB17: 0 | EC17: 0 | ED17: 0 | EE17: 0 | EF17: 0 | EG17: 0 | EH17: 0 | EI17: 3 | EJ17: 3 | EK17: 4 | EL17: 3 | EM17: 1 | EN17: 3 | EO17: 0 | EP17: 1 | EQ17: 3 | ER17: 0 | ES17: 0 | ET17: 0 | EU17: 1 | EV17: 0 | EW17: 3 | EX17: 3 | EY17: 0 | EZ17: 0 | FA17: 0 | FB17: 1 | FC17: 0 | FD17: 4 | FE17: 3 | FF17: 1 | FG17: 1 | FH17: 0 | FI17: 0 | FJ17: 0 | FK17: 4 | FL17: 1 | FM17: 0 | FN17: 0 | FO17: 0 | FP17: 0 | FQ17: 3 | FR17: 2 | FS17: 1 | FT17: 2 | FU17: 0 | FV17: 0 | FW17: 3 | FX17: 1 | FY17: 0 | FZ17: 1 | GA17: 0 | GB17: 1 | GC17: Después de una discusión o una desvelada | GD17: 2 | GE17: 2 | GF17: 2 | GG17: 4 | GH17: 4 | GI17: 3 | GJ17: 0 | GK17: 3 | GL17: 0 | GM17: 4 | GN17: 0 | GO17: 0 | GP17: 0 | GQ17: 1 | GR17: 0 | GS17: 1 | GT17: 0 | GU17: 0 | GV17: 3 | GW17: 2 | GX17: 0 | GY17: 0 | GZ17: 2 | HA17: 0 | HB17: 0 | HC17: 0 | HD17: 0 | HE17: 0 | HF17: 0 | HG17: 0 | HH17: 0 | HI17: 0 | HJ17: 1 | HK17: 0 | HL17: 1 | HM17: 0 | HN17: 0 | HO17: 0 | HP17: 1 | HQ17: 3 | HR17: 0 | HS17: 0 | HT17: 0 | HU17: 0 | HV17: 1 | HW17: 0 | HX17: 0 | HY17: 0 | HZ17: 0 | IA17: 0 | IB17: 0 | IC17: 0 | ID17: 0 | IE17: 0 | IF17: 1 | IG17: 0 | IH17: 0 | II17: 0 | IJ17: 0 | IK17: 0 | IL17: 0 | IM17: 0 | IN17: 0 | IO17: 0 | IP17: 0 | IQ17: 1 | IS17: 3 | IT17: 0 | IU17: 0 | IV17: 2 | IW17: 2 | IX17: 0 | IY17: 0 | IZ17: marcada
A18: 18 | B18: Jesus Fernando Martinez Hernandez | C18: Hombre | D18: one | E18: 29 | F18: 20-10-1994 | G18: 12-01-2024 | H18: 04:46 pm | I18: 3 | J18: 2 | K18: 2 | L18: 3 | M18: 3 | N18: 2 | O18: 2 | P18: 2 | Q18: 0 | R18: 3 | S18: 0 | T18: 3 | U18: 1 | V18: 1 | W18: 0 | X18: 0 | Y18: 0 | Z18: 0 | AA18: 2 | AB18: 2 | AC18: 3 | AD18: 4 | AE18: 1 | AF18: 0 | AG18: 0 | AH18: 0 | AI18: 1 | AJ18: 2 | AK18: 1 | AL18: 2 | AM18: 0 | AN18: 1 | AO18: 2 | AP18: 0 | AQ18: 0 | AR18: 0 | AS18: 0 | AT18: 0 | AU18: 1 | AV18: 0 | AW18: 3 | AX18: 0 | AY18: 0 | AZ18: 4 | BA18: 2 | BB18: 1 | BC18: 0 | BD18: 1 | BE18: 1 | BF18: 0 | BG18: 0 | BH18: 4 | BI18: 0 | BJ18: 3 | BK18: 1 | BL18: 0 | BM18: interacciones sociales con personas desconocidas en el dia a dia | BN18: 1 | BO18: 1 | BP18: 1 | BQ18: 1 | BR18: 3 | BS18: 3 | BT18: 4 | BU18: 1 | BV18: 0 | BW18: 1 | BX18: 0 | BY18: 0 | BZ18: 0 | CA18: 0 | CB18: 1 | CC18: 1 | CD18: 2 | CE18: 0 | CF18: 0 | CG18: 0 | CH18: 0 | CI18: 0 | CJ18: 0 | CK18: 0 | CL18: 0 | CM18: 0 | CN18: 0 | CO18: 0 | CP18: 0 | CQ18: 0 | CR18: 2 | CS18: 0 | CT18: 2 | CU18: 0 | CV18: 0 | CW18: 0 | CX18: 0 | CY18: 0 | CZ18: 2 | DA18: 1 | DB18: 0 | DC18: 0 | DD18: 0 | DE18: 0 | DF18: 1 | DG18: 0 | DH18: 0 | DI18: 0 | DJ18: 0 | DK18: 0 | DL18: 0 | DM18: 0 | DN18: 0 | DO18: 0 | DP18: 2 | DQ18: 3 | DR18: 0 | DS18: 3 | DT18: 1 | DU18: 0 | DV18: 0 | DW18: 3 | DX18: 1 | DY18: 1 | DZ18: 0 | EA18: 0 | EB18: 0 | EC18: 0 | ED18: 0 | EE18: 0 | EF18: 0 | EG18: 0 | EH18: 0 | EI18: 0 | EJ18: 0 | EK18: 0 | EL18: 1 | EM18: 2 | EN18: 0 | EO18: 0 | EP18: 0 | EQ18: 0 | ER18: 0 | ES18: 1 | ET18: 0 | EU18: 1 | EV18: 0 | EW18: 0 | EX18: 1 | EY18: 1 | EZ18: 0 | FA18: 0 | FB18: 0 | FC18: 0 | FD18: 0 | FE18: 0 | FF18: 0 | FG18: 0 | FH18: 0 | FI18: 0 | FJ18: 0 | FK18: 3 | FL18: 3 | FM18: 2 | FN18: 1 | FO18: 0 | FP18: 1 | FQ18: 0 | FR18: 1 | FS18: 0 | FT18: 0 | FU18: 0 | FV18: 0 | FW18: 0 | FX18: 1 | FY18: 1 | FZ18: 0 | GA18: 0 | GB18: 0 | GN18: 3 | GO18: 3 | GP18: 3 | GQ18: 0 | GR18: 0 | GS18: 0 | GT18: 0 | GU18: 0 | GV18: 0 | GW18: 0 | GX18: 0 | GY18: 0 | GZ18: 0 | HA18: 1 | HB18: 0 | HC18: 0 | HD18: 0 | HE18: 0 | HF18: 0 | HG18: 0 | HH18: 1 | HI18: 0 | HJ18: 0 | HK18: 2 | HL18: 0 | HM18: 2 | HN18: 0 | HO18: 2 | HP18: 0 | HQ18: 3 | HR18: 0 | HS18: 0 | HT18: 0 | HU18: 0 | HV18: 0 | HW18: 0 | HX18: 0 | HY18: 0 | HZ18: 1 | IA18: 0 | IB18: 0 | IC18: 0 | ID18: 0 | IE18: 0 | IF18: 1 | IG18: 0 | IH18: 0 | II18: 1 | IJ18: 1 | IK18: 3 | IL18: 4 | IM18: 2 | IN18: 0 | IO18: 0 | IP18: 0 | IQ18: 0 | IR18: interacciones sociales con personas desconocidas en el dia a dia | IS18: 0 | IT18: 4 | IU18: 0 | IV18: 4 | IW18: 3 | IX18: 3 | IY18: 4 | IZ18: marcada
A19: 19 | B19: Luis Enrique Contreras Berino | C19: Hombre | D19: one | E19: 33 | F19: 30-03-1990 | G19: 24-01-2024 | H19: 04:16 pm | I19: 2 | J19: 1 | K19: 2 | L19: 3 | M19: 2 | N19: 3 | O19: 3 | P19: 1 | Q19: 1 | R19: 2 | S19: 1 | T19: 1 | U19: 1 | V19: 3 | W19: 3 | X19: 2 | Y19: 2 | Z19: 2 | AA19: 3 | AB19: 3 | AC19: 3 | AD19: 3 | AE19: 3 | AF19: 0 | AG19: 0 | AH19: 0 | AI19: 3 | AJ19: 2 | AK19: 2 | AL19: 3 | AM19: 3 | AN19: 3 | AO19: 3 | AP19: 3 | AQ19: 3 | AR19: 2 | AS19: 2 | AT19: 2 | AU19: 3 | AV19: 3 | AW19: 2 | AX19: 2 | AY19: 1 | AZ19: 2 | BA19: 2 | BB19: 3 | BC19: 2 | BD19: 2 | BE19: 3 | BF19: 2 | BG19: 2 | BH19: 2 | BI19: 2 | BJ19: 3 | BK19: 3 | BL19: 1 | BN19: 3 | BO19: 2 | BP19: 3 | BQ19: 2 | BR19: 2 | BS19: 2 | BT19: 3 | BU19: 2 | BV19: 1 | BW19: 2 | BX19: 2 | BY19: 1 | BZ19: 1 | CA19: 1 | CB19: 1 | CC19: 1 | CD19: 1 | CE19: 1 | CF19: 1 | CG19: 1 | CH19: 1 | CI19: 1 | CJ19: 1 | CK19: 1 | CL19: 2 | CM19: 2 | CN19: 2 | CO19: 1 | CP19: 1 | CQ19: 2 | CR19: 1 | CS19: 1 | CT19: 2 | CU19: 1 | CV19: 1 | CW19: 1 | CX19: 1 | CY19: 1 | CZ19: 2 | DA19: 2 | DB19: 2 | DC19: 1 | DD19: 1 | DE19: 1 | DF19: 1 | DG19: 2 | DH19: 2 | DI19: 2 | DJ19: 1 | DK19: 1 | DL19: 1 | DM19: 1 | DN19: 1 | DO19: 1 | DP19: 1 | DQ19: 1 | DR19: 1 | DS19: 3 | DT19: 3 | DU19: 1 | DV19: 1 | DW19: 2 | DX19: 2 | DY19: 2 | DZ19: 2 | EA19: 2 | EB19: 1 | EC19: 1 | ED19: 1 | EE19: 1 | EF19: 1 | EG19: 1 | EH19: 1 | EI19: 1 | EJ19: 1 | EK19: 1 | EL19: 2 | EM19: 1 | EN19: 2 | EO19: 2 | EP19: 1 | EQ19: 2 | ER19: 1 | ES19: 3 | ET19: 1 | EU19: 1 | EV19: 2 | EW19: 1 | EX19: 2 | EY19: 2 | EZ19: 1 | FA19: 1 | FB19: 1 | FC19: 1 | FD19: 1 | FE19: 2 | FF19: 1 | FG19: 2 | FH19: 1 | FI19: 3 | FJ19: 2 | FK19: 2 | FL19: 2 | FM19: 2 | FN19: 1 | FO19: 1 | FP19: 0 | FQ19: 0 | FR19: 2 | FS19: 1 | FT19: 0 | FU19: 1 | FV19: 3 | FW19: 1 | FX19: 3 | FY19: 2 | FZ19: 1 | GA19: 1 | GB19: 1 | GD19: 1 | GE19: 1 | GF19: 3 | GG19: 1 | GH19: 2 | GI19: 3 | GJ19: 1 | GK19: 1 | GL19: 1 | GM19: 2 | GN19: 2 | GO19: 1 | GP19: 1 | GQ19: 2 | GR19: 1 | GS19: 0 | GT19: 2 | GU19: 4 | GV19: 2 | GW19: 2 | GX19: 1 | GY19: 3 | GZ19: 1 | HA19: 1 | HB19: 0 | HC19: 3 | HD19: 0 | HE19: 2 | HF19: 1 | HG19: 2 | HH19: 2 | HI19: 3 | HJ19: 1 | HK19: 1 | HL19: 0 | HM19: 0 | HN19: 2 | HO19: 1 | HP19: 2 | HQ19: 1 | HR19: 0 | HS19: 0 | HT19: 0 | HU19: 0 | HV19: 0 | HW19: 2 | HX19: 1 | HY19: 2 | HZ19: 2 | IA19: 2 | IB19: 3 | IC19: 0 | ID19: 2 | IE19: 1 | IF19: 1 | IG19: 0 | IH19: 0 | II19: 3 | IJ19: 2 | IK19: 2 | IL19: 2 | IM19: 1 | IN19: 2 | IO19: 1 | IP19: 2 | IQ19: 2 | IS19: 0 | IT19: 2 | IU19: 4 | IV19: 3 | IW19: 2 | IX19: 1 | IY19: 2 | IZ19: marcada
A20: 20 | B20: Ingrid vianey Cuellar sepulveda | C20: Mujer | D20: one | E20: 25 | F20: 23-10-1998 | G20: 08-03-2024 | H20: 02:17 am | I20: 3 | J20: 4 | K20: 4 | L20: 4 | M20: 4 | N20: 4 | O20: 4 | P20: 3 | Q20: 3 | R20: 4 | S20: 2 | T20: 1 | U20: 0 | V20: 0 | W20: 2 | X20: 3 | Y20: 4 | Z20: 4 | AA20: 3 | AB20: 2 | AC20: 2 | AD20: 2 | AE20: 3 | AF20: 3 | AG20: 1 | AH20: 0 | AI20: 4 | AJ20: 0 | AK20: 4 | AL20: 4 | AM20: 2 | AN20: 1 | AO20: 4 | AP20: 1 | AQ20: 0 | AR20: 1 | AS20: 1 | AT20: 0 | AU20: 4 | AV20: 4 | AW20: 4 | AX20: 2 | AY20: 4 | AZ20: 4 | BA20: 2 | BB20: 3 | BC20: 3 | BD20: 4 | BE20: 4 | BF20: 4 | BG20: 4 | BH20: 4 | BI20: 1 | BJ20: 0 | BK20: 0 | BL20: 0 | BN20: 4 | BO20: 4 | BP20: 4 | BQ20: 4 | BR20: 2 | BS20: 4 | BT20: 4 | BU20: 0 | BV20: 4 | BW20: 4 | BX20: 0 | BY20: 0 | BZ20: 0 | CA20: 0 | CB20: 2 | CC20: 2 | CD20: 2 | CE20: 4 | CF20: 4 | CG20: 0 | CH20: 0 | CI20: 0 | CJ20: 0 | CK20: 0 | CL20: 4 | CM20: 0 | CN20: 0 | CO20: 0 | CP20: 0 | CQ20: 4 | CR20: 1 | CS20: 4 | CT20: 0 | CU20: 0 | CV20: 0 | CW20: 3 | CX20: 0 | CY20: 0 | CZ20: 1 | DA20: 2 | DB20: 0 | DC20: 0 | DD20: 0 | DE20: 2 | DF20: 2 | DG20: 4 | DH20: 3 | DI20: 2 | DJ20: 0 | DK20: 0 | DL20: 0 | DM20: 0 | DN20: 0 | DO20: 0 | DP20: 2 | DQ20: 0 | DR20: 3 | DS20: 3 | DT20: 2 | DU20: 2 | DV20: 0 | DW20: 0 | DX20: 4 | DY20: 2 | DZ20: 2 | EA20: 4 | EB20: 0 | EC20: 0 | ED20: 2 | EE20: 1 | EF20: 2 | EG20: 0 | EH20: 0 | EI20: 1 | EJ20: 0 | EK20: 4 | EL20: 0 | EM20: 0 | EN20: 0 | EO20: 0 | EP20: 0 | EQ20: 1 | ER20: 0 | ES20: 0 | ET20: 1 | EU20: 0 | EV20: 1 | EW20: 4 | EX20: 4 | EY20: 0 | EZ20: 0 | FA20: 0 | FB20: 0 | FC20: 0 | FD20: 1 | FE20: 0 | FF20: 3 | FG20: 0 | FH20: 3 | FI20: 0 | FJ20: 0 | FK20: 0 | FL20: 0 | FM20: 0 | FN20: 0 | FO20: 0 | FP20: 0 | FQ20: 0 | FR20: 0 | FS20: 0 | FT20: 0 | FU20: 0 | FV20: 0 | FW20: 4 | FX20: 0 | FY20: 0 | FZ20: 0 | GA20: 0 | GB20: 2 | GD20: 0 | GE20: 0 | GF20: 0 | GG20: 4 | GH20: 2 | GI20: 0 | GJ20: 0 | GK20: 0 | GL20: 0 | GM20: 0 | GN20: 2 | GO20: 2 | GP20: 1 | GQ20: 1 | GR20: 1 | GS20: 1 | GT20: 0 | GU20: 3 | GV20: 0 | GW20: 0 | GX20: 2 | GY20: 2 | GZ20: 0 | HA20: 0 | HB20: 0 | HC20: 2 | HD20: 2 | HE20: 1 | HF20: 1 | HG20: 0 | HH20: 1 | HI20: 0 | HJ20: 1 | HK20: 2 | HL20: 0 | HM20: 2 | HN20: 0 | HO20: 0 | HP20: 0 | HQ20: 0 | HR20: 0 | HS20: 0 | HT20: 0 | HU20: 0 | HV20: 3 | HW20: 1 | HX20: 0 | HY20: 0 | HZ20: 0 | IA20: 1 | IB20: 0 | IC20: 0 | ID20: 0 | IE20: 0 | IF20: 0 | IG20: 0 | IH20: 0 | II20: 0 | IJ20: 2 | IK20: 3 | IL20: 3 | IM20: 1 | IN20: 0 | IO20: 0 | IP20: 0 | IQ20: 0 | IS20: 2 | IT20: 3 | IU20: 2 | IV20: 2 | IW20: 2 | IX20: 2 | IY20: 1 | IZ20: marcada
A21: 21 | B21: JUAN MANUEL CABELLO ESPINOZA | C21: Hombre | D21: Unión-Libre | E21: 52 | F21: 04-09-1972 | G21: 19-03-2024 | H21: 05:38 pm | I21: 3 | J21: 1 | K21: 4 | L21: 0 | M21: 1 | N21: 1 | O21: 1 | P21: 1 | Q21: 0 | R21: 0 | S21: 0 | T21: 0 | U21: 0 | V21: 0 | W21: 0 | X21: 0 | Y21: 0 | Z21: 0 | AA21: 1 | AB21: 0 | AC21: 0 | AD21: 0 | AE21: 0 | AF21: 0 | AG21: 0 | AH21: 0 | AI21: 0 | AJ21: 0 | AK21: 0 | AL21: 0 | AM21: 2 | AN21: 0 | AO21: 0 | AP21: 0 | AQ21: 0 | AR21: 0 | AS21: 0 | AT21: 0 | AU21: 2 | AV21: 1 | AW21: 3 | AX21: 0 | AY21: 0 | AZ21: 4 | BA21: 0 | BB21: 4 | BC21: 0 | BD21: 1 | BE21: 0 | BF21: 0 | BG21: 0 | BH21: 0 | BI21: 0 | BJ21: 0 | BK21: 0 | BL21: 0 | BN21: 2 | BO21: 0 | BP21: 1 | BQ21: 1 | BR21: 1 | BS21: 0 | BT21: 0 | BU21: 1 | BV21: 0 | BW21: 1 | BX21: 0 | BY21: 0 | BZ21: 0 | CA21: 0 | CB21: 0 | CC21: 0 | CD21: 0 | CE21: 0 | CF21: 0 | CG21: 0 | CH21: 0 | CI21: 0 | CJ21: 0 | CK21: 0 | CL21: 0 | CM21: 0 | CN21: 0 | CO21: 0 | CP21: 0 | CQ21: 0 | CR21: 0 | CS21: 0 | CT21: 0 | CU21: 0 | CV21: 0 | CW21: 0 | CX21: 0 | CY21: 0 | CZ21: 0 | DA21: 2 | DB21: 0 | DC21: 0 | DD21: 0 | DE21: 0 | DF21: 0 | DG21: 0 | DH21: 1 | DI21: 0 | DJ21: 0 | DK21: 0 | DL21: 1 | DM21: 1 | DN21: 0 | DO21: 0 | DP21: 0 | DQ21: 2 | DR21: 0 | DS21: 0 | DT21: 0 | DU21: 0 | DV21: 0 | DW21: 0 | DX21: 0 | DY21: 0 | DZ21: 0 | EA21: 0 | EB21: 0 | EC21: 0 | ED21: 0 | EE21: 0 | EF21: 0 | EG21: 0 | EH21: 0 | EI21: 0 | EJ21: 0 | EK21: 0 | EL21: 0 | EM21: 0 | EN21: 2 | EO21: 2 | EP21: 0 | EQ21: 0 | ER21: 0 | ES21: 0 | ET21: 0 | EU21: 0 | EV21: 0 | EW21: 0 | EX21: 0 | EY21: 0 | EZ21: 0 | FA21: 0 | FB21: 0 | FC21: 0 | FD21: 0 | FE21: 0 | FF21: 0 | FG21: 0 | FH21: 0 | FI21: 0 | FJ21: 0 | FK21: 2 | FL21: 2 | FM21: 2 | FN21: 0 | FO21: 0 | FP21: 0 | FQ21: 0 | FR21: 2 | FS21: 0 | FT21: 0 | FU21: 0 | FV21: 0 | FW21: 0 | FX21: 0 | FY21: 0 | FZ21: 0 | GA21: 0 | GB21: 0 | GD21: 0 | GE21: 0 | GF21: 0 | GG21: 1 | GH21: 1 | GI21: 1 | GJ21: 0 | GK21: 0 | GL21: 0 | GM21: 0 | GN21: 0 | GO21: 0 | GP21: 0 | GQ21: 0 | GR21: 0 | GS21: 0 | GT21: 0 | GU21: 1 | GV21: 0 | GW21: 0 | GX21: 0 | GY21: 1 | GZ21: 0 | HA21: 0 | HB21: 0 | HC21: 0 | HD21: 0 | HE21: 0 | HF21: 0 | HG21: 0 | HH21: 0 | HI21: 3 | HJ21: 0 | HK21: 0 | HL21: 0 | HM21: 0 | HN21: 0 | HO21: 0 | HP21: 0 | HQ21: 0 | HR21: 0 | HS21: 0 | HT21: 0 | HU21: 0 | HV21: 0 | HW21: 0 | HX21: 0 | HY21: 0 | HZ21: 0 | IA21: 0 | IB21: 0 | IC21: 0 | ID21: 0 | IE21: 0 | IF21: 0 | IG21: 0 | IH21: 0 | II21: 3 | IJ21: 3 | IK21: 0 | IL21: 0 | IM21: 0 | IN21: 2 | IO21: 0 | IP21: 0 | IQ21: 0 | IS21: 0 | IT21: 0 | IU21: 3 | IV21: 2 | IW21: 0 | IX21: 0 | IY21: 0 | IZ21: marcada
A22: 22 | B22: Luis braulio Rodríguez perez | C22: Hombre | D22: Divorciado-a | E22: 41 | F22: 23-06-1982 | G22: 02-04-2024 | H22: 12:20 pm | I22: 1 | J22: 1 | K22: 2 | L22: 1 | M22: 1 | N22: 1 | O22: 2 | P22: 0 | Q22: 1 | R22: 0 | S22: 0 | T22: 0 | U22: 0 | V22: 1 | W22: 0 | X22: 0 | Y22: 1 | Z22: 1 | AA22: 2 | AB22: 1 | AC22: 1 | AD22: 1 | AE22: 1 | AF22: 1 | AG22: 0 | AH22: 0 | AI22: 1 | AJ22: 1 | AK22: 1 | AL22: 1 | AM22: 1 | AN22: 1 | AO22: 1 | AP22: 0 | AQ22: 0 | AR22: 0 | AS22: 0 | AT22: 0 | AU22: 2 | AV22: 1 | AW22: 1 | AX22: 0 | AY22: 0 | AZ22: 0 | BA22: 0 | BB22: 1 | BC22: 1 | BD22: 1 | BE22: 0 | BF22: 0 | BG22: 0 | BH22: 0 | BI22: 0 | BJ22: 1 | BK22: 1 | BL22: 1 | BN22: 1 | BO22: 0 | BP22: 2 | BQ22: 1 | BR22: 1 | BS22: 1 | BT22: 1 | BU22: 0 | BV22: 1 | BW22: 1 | BX22: 0 | BY22: 0 | BZ22: 0 | CA22: 0 | CB22: 0 | CC22: 0 | CD22: 0 | CE22: 0 | CF22: 1 | CG22: 0 | CH22: 0 | CI22: 0 | CJ22: 0 | CK22: 0 | CL22: 0 | CM22: 0 | CN22: 0 | CO22: 0 | CP22: 0 | CQ22: 0 | CR22: 0 | CS22: 0 | CT22: 0 | CU22: 0 | CV22: 0 | CW22: 0 | CX22: 0 | CY22: 0 | CZ22: 0 | DA22: 0 | DB22: 0 | DC22: 0 | DD22: 0 | DE22: 1 | DF22: 0 | DG22: 1 | DH22: 0 | DI22: 0 | DJ22: 0 | DK22: 0 | DL22: 0 | DM22: 0 | DN22: 0 | DO22: 0 | DP22: 0 | DQ22: 0 | DR22: 0 | DS22: 0 | DT22: 0 | DU22: 0 | DV22: 0 | DW22: 0 | DX22: 0 | DY22: 0 | DZ22: 1 | EA22: 1 | EB22: 1 | EC22: 1 | ED22: 0 | EE22: 0 | EF22: 0 | EG22: 0 | EH22: 0 | EI22: 0 | EJ22: 0 | EK22: 0 | EL22: 0 | EM22: 0 | EN22: 0 | EO22: 0 | EP22: 0 | EQ22: 0 | ER22: 0 | ES22: 0 | ET22: 0 | EU22: 0 | EV22: 0 | EW22: 0 | EX22: 0 | EY22: 0 | EZ22: 0 | FA22: 0 | FB22: 0 | FC22: 0 | FD22: 0 | FE22: 0 | FF22: 0 | FG22: 0 | FH22: 0 | FI22: 0 | FJ22: 0 | FK22: 0 | FL22: 0 | FM22: 0 | FN22: 0 | FO22: 0 | FP22: 0 | FQ22: 0 | FR22: 0 | FS22: 0 | FT22: 0 | FU22: 1 | FV22: 0 | FW22: 1 | FX22: 0 | FY22: 0 | FZ22: 0 | GA22: 0 | GB22: 2 | GD22: 2 | GE22: 0 | GF22: 0 | GG22: 2 | GH22: 1 | GI22: 0 | GJ22: 1 | GK22: 0 | GL22: 0 | GM22: 0 | GN22: 0 | GO22: 0 | GP22: 0 | GQ22: 0 | GR22: 0 | GS22: 0 | GT22: 0 | GU22: 0 | GV22: 0 | GW22: 0 | GX22: 0 | GY22: 0 | GZ22: 0 | HA22: 0 | HB22: 0 | HC22: 0 | HD22: 0 | HE22: 0 | HF22: 0 | HG22: 0 | HH22: 0 | HI22: 0 | HJ22: 0 | HK22: 0 | HL22: 0 | HM22: 0 | HN22: 0 | HO22: 0 | HP22: 0 | HQ22: 0 | HR22: 0 | HS22: 0 | HT22: 0 | HU22: 0 | HV22: 0 | HW22: 0 | HX22: 0 | HY22: 0 | HZ22: 0 | IA22: 0 | IB22: 0 | IC22: 0 | ID22: 0 | IE22: 0 | IF22: 0 | IG22: 0 | IH22: 2 | II22: 0 | IJ22: 1 | IK22: 0 | IL22: 0 | IM22: 0 | IN22: 0 | IO22: 0 | IP22: 0 | IQ22: 1 | IS22: 2 | IT22: 0 | IU22: 0 | IV22: 0 | IW22: 2 | IX22: 0 | IY22: 0 | IZ22: marcada
A23: 23 | B23: Mateo Alvarado bucio | C23: Hombre | D23: one | E23: 13 | F23: 25-08-2010 | G23: 10-04-2024 | H23: 12:21 pm | I23: 3 | J23: 2 | K23: 2 | L23: 3 | M23: 3 | N23: 2 | O23: 3 | P23: 3 | Q23: 4 | R23: 4 | S23: 2 | T23: 3 | U23: 1 | V23: 1 | W23: 1 | X23: 2 | Y23: 3 | Z23: 3 | AA23: 4 | AB23: 2 | AC23: 4 | AD23: 3 | AE23: 1 | AF23: 2 | AG23: 2 | AH23: 1 | AI23: 3 | AJ23: 2 | AK23: 2 | AL23: 3 | AM23: 1 | AN23: 1 | AO23: 3 | AP23: 2 | AQ23: 1 | AR23: 2 | AS23: 3 | AT23: 1 | AU23: 4 | AV23: 3 | AW23: 2 | AX23: 2 | AY23: 1 | AZ23: 2 | BA23: 4 | BB23: 4 | BC23: 2 | BD23: 4 | BE23: 2 | BF23: 2 | BG23: 3 | BH23: 3 | BI23: 2 | BJ23: 1 | BK23: 2 | BL23: 4 | BN23: 1 | BO23: 4 | BP23: 2 | BQ23: 3 | BR23: 2 | BS23: 2 | BT23: 1 | BU23: 2 | BV23: 2 | BW23: 3 | BX23: 2 | BY23: 1 | BZ23: 1 | CA23: 2 | CB23: 1 | CC23: 2 | CD23: 2 | CE23: 1 | CF23: 2 | CG23: 1 | CH23: 1 | CI23: 2 | CJ23: 0 | CK23: 2 | CL23: 1 | CM23: 1 | CN23: 1 | CO23: 2 | CP23: 1 | CQ23: 2 | CR23: 1 | CS23: 2 | CT23: 1 | CU23: 1 | CV23: 2 | CW23: 2 | CX23: 1 | CY23: 1 | CZ23: 1 | DA23: 1 | DB23: 2 | DC23: 1 | DD23: 0 | DE23: 1 | DF23: 1 | DG23: 1 | DH23: 1 | DI23: 1 | DJ23: 1 | DK23: 0 | DL23: 2 | DM23: 1 | DN23: 2 | DO23: 1 | DP23: 2 | DQ23: 1 | DR23: 2 | DS23: 1 | DT23: 1 | DU23: 2 | DV23: 1 | DW23: 1 | DX23: 2 | DY23: 2 | DZ23: 1 | EA23: 2 | EB23: 1 | EC23: 3 | ED23: 2 | EE23: 1 | EF23: 2 | EG23: 1 | EH23: 0 | EI23: 1 | EJ23: 2 | EK23: 1 | EL23: 1 | EM23: 0 | EN23: 0 | EO23: 0 | EP23: 0 | EQ23: 0 | ER23: 0 | ES23: 0 | ET23: 0 | EU23: 0 | EV23: 0 | EW23: 1 | EX23: 1 | EY23: 2 | EZ23: 0 | FA23: 1 | FB23: 1 | FC23: 0 | FD23: 2 | FE23: 0 | FF23: 1 | FG23: 0 | FH23: 1 | FI23: 1 | FJ23: 0 | FK23: 1 | FL23: 0 | FM23: 1 | FN23: 2 | FO23: 1 | FP23: 2 | FQ23: 3 | FR23: 3 | FS23: 3 | FT23: 1 | FU23: 2 | FV23: 2 | FW23: 2 | FX23: 1 | FY23: 1 | FZ23: 1 | GA23: 2 | GB23: 1 | GD23: 1 | GE23: 1 | GF23: 1 | GG23: 0 | GH23: 1 | GI23: 1 | GJ23: 0 | GK23: 0 | GL23: 0 | GM23: 1 | GN23: 2 | GO23: 3 | GP23: 3 | GQ23: 3 | GR23: 2 | GS23: 1 | GT23: 2 | GU23: 0 | GV23: 2 | GW23: 1 | GX23: 0 | GY23: 0 | GZ23: 4 | HA23: 0 | HB23: 0 | HC23: 0 | HD23: 1 | HE23: 0 | HF23: 1 | HG23: 0 | HH23: 2 | HI23: 0 | HJ23: 1 | HK23: 3 | HL23: 0 | HM23: 0 | HN23: 0 | HO23: 2 | HP23: 0 | HQ23: 0 | HR23: 1 | HS23: 2 | HT23: 1 | HU23: 0 | HV23: 0 | HW23: 0 | HX23: 0 | HY23: 2 | HZ23: 0 | IA23: 2 | IB23: 0 | IC23: 0 | ID23: 2 | IE23: 0 | IF23: 2 | IG23: 0 | IH23: 0 | II23: 2 | IJ23: 1 | IK23: 2 | IL23: 2 | IM23: 2 | IN23: 0 | IO23: 3 | IP23: 3 | IQ23: 3 | IS23: 2 | IT23: 2 | IU23: 0 | IV23: 2 | IW23: 3 | IX23: 2 | IY23: 0 | IZ23: marcada
A24: 24 | B24: Alexa Sarahi Herrera Gutierrez | C24: Mujer | D24: one | E24: 17 | F24: 19-07-2006 | G24: 10-04-2024 | H24: 12:09 pm | I24: 4 | J24: 2 | K24: 3 | L24: 4 | M24: 4 | N24: 2 | O24: 3 | P24: 1 | Q24: 3 | R24: 4 | S24: 1 | T24: 2 | U24: 2 | V24: 2 | W24: 0 | X24: 1 | Y24: 4 | Z24: 1 | AA24: 3 | AB24: 3 | AC24: 2 | AD24: 1 | AE24: 4 | AF24: 1 | AG24: 0 | AH24: 1 | AI24: 3 | AJ24: 0 | AK24: 3 | AL24: 2 | AM24: 0 | AN24: 1 | AO24: 4 | AP24: 4 | AQ24: 2 | AR24: 2 | AS24: 4 | AT24: 2 | AU24: 4 | AV24: 2 | AW24: 0 | AX24: 0 | AY24: 2 | AZ24: 1 | BA24: 0 | BB24: 2 | BC24: 0 | BD24: 2 | BE24: 3 | BF24: 2 | BG24: 3 | BH24: 3 | BI24: 3 | BJ24: 4 | BK24: 2 | BL24: 2 | BM24: En multitudes | BN24: 3 | BO24: 2 | BP24: 3 | BQ24: 3 | BR24: 3 | BS24: 4 | BT24: 2 | BU24: 3 | BV24: 4 | BW24: 3 | BX24: 3 | BY24: 4 | BZ24: 3 | CA24: 3 | CB24: 4 | CC24: 2 | CD24: 1 | CE24: 0 | CF24: 0 | CG24: 0 | CH24: 2 | CI24: 4 | CJ24: 3 | CK24: 2 | CL24: 3 | CM24: 1 | CN24: 2 | CO24: 2 | CP24: 2 | CQ24: 3 | CR24: 1 | CS24: 2 | CT24: 2 | CU24: 2 | CV24: 3 | CW24: 3 | CX24: 2 | CY24: 1 | CZ24: 2 | DA24: 3 | DB24: 2 | DC24: 0 | DD24: 2 | DE24: 4 | DF24: 3 | DG24: 3 | DH24: 4 | DI24: 4 | DJ24: 3 | DK24: 3 | DL24: 3 | DM24: 2 | DN24: 2 | DO24: 2 | DP24: 3 | DQ24: 2 | DR24: 2 | DS24: 2 | DT24: 2 | DU24: 0 | DV24: 1 | DW24: 1 | DX24: 2 | DY24: 2 | DZ24: 0 | EA24: 0 | EB24: 0 | EC24: 2 | ED24: 1 | EE24: 2 | EF24: 1 | EG24: 0 | EH24: 0 | EI24: 2 | EJ24: 2 | EK24: 2 | EL24: 1 | EM24: 0 | EN24: 0 | EO24: 1 | EP24: 0 | EQ24: 1 | ER24: 2 | ES24: 0 | ET24: 1 | EU24: 3 | EV24: 3 | EW24: 2 | EX24: 4 | EY24: 3 | EZ24: 2 | FA24: 4 | FB24: 3 | FC24: 3 | FD24: 3 | FE24: 2 | FF24: 4 | FG24: 3 | FH24: 2 | FI24: 2 | FJ24: 2 | FK24: 1 | FL24: 2 | FM24: 2 | FN24: 1 | FO24: 0 | FP24: 0 | FQ24: 2 | FR24: 1 | FS24: 1 | FT24: 4 | FU24: 2 | FV24: 4 | FW24: 2 | FX24: 3 | FY24: 4 | FZ24: 3 | GA24: 3 | GB24: 3 | GC24: Tener que salir | GD24: 3 | GE24: 3 | GF24: 2 | GG24: 0 | GH24: 2 | GI24: 2 | GJ24: 2 | GK24: 3 | GL24: 2 | GM24: 0 | GN24: 3 | GO24: 3 | GP24: 2 | GQ24: 1 | GR24: 1 | GS24: 1 | GT24: 3 | GU24: 1 | GV24: 3 | GW24: 0 | GX24: 0 | GY24: 0 | GZ24: 4 | HA24: 0 | HB24: 1 | HC24: 1 | HD24: 0 | HE24: 0 | HF24: 2 | HG24: 0 | HH24: 4 | HI24: 0 | HJ24: 0 | HK24: 3 | HL24: 0 | HM24: 2 | HN24: 0 | HO24: 2 | HP24: 0 | HQ24: 3 | HR24: 1 | HS24: 0 | HT24: 3 | HU24: 0 | HV24: 2 | HW24: 0 | HX24: 1 | HY24: 0 | HZ24: 2 | IA24: 3 | IB24: 2 | IC24: 2 | ID24: 4 | IE24: 0 | IF24: 3 | IG24: 0 | IH24: 2 | II24: 0 | IJ24: 2 | IK24: 1 | IL24: 1 | IM24: 1 | IN24: 0 | IO24: 0 | IP24: 1 | IQ24: 3 | IR24: Situaciones bajo mucho estrés | IS24: 3 | IT24: 4 | IU24: 2 | IV24: 4 | IW24: 3 | IX24: 2 | IY24: 1 | IZ24: marcada
A25: 25 | B25: Camila Alvarado bucio | C25: Mujer | D25: one | E25: 12 | F25: 13-10-2011 | G25: 10-04-2024 | H25: 06:51 pm | I25: 1 | J25: 1 | K25: 2 | L25: 1 | M25: 1 | N25: 2 | O25: 1 | P25: 0 | Q25: 1 | R25: 2 | S25: 0 | T25: 0 | U25: 0 | V25: 0 | W25: 0 | X25: 0 | Y25: 0 | Z25: 0 | AA25: 1 | AB25: 1 | AC25: 0 | AD25: 0 | AE25: 0 | AF25: 0 | AG25: 2 | AH25: 0 | AI25: 0 | AJ25: 0 | AK25: 0 | AL25: 0 | AM25: 0 | AN25: 1 | AO25: 0 | AP25: 1 | AQ25: 0 | AR25: 0 | AS25: 0 | AT25: 0 | AU25: 0 | AV25: 0 | AW25: 1 | AX25: 0 | AY25: 0 | AZ25: 4 | BA25: 0 | BB25: 1 | BC25: 0 | BD25: 1 | BE25: 0 | BF25: 0 | BG25: 0 | BH25: 0 | BI25: 0 | BJ25: 0 | BK25: 0 | BL25: 0 | BN25: 1 | BO25: 0 | BP25: 0 | BQ25: 0 | BR25: 0 | BS25: 0 | BT25: 0 | BU25: 0 | BV25: 0 | BW25: 0 | BX25: 0 | BY25: 0 | BZ25: 0 | CA25: 0 | CB25: 0 | CC25: 0 | CD25: 0 | CE25: 0 | CF25: 1 | CG25: 0 | CH25: 0 | CI25: 0 | CJ25: 0 | CK25: 0 | CL25: 0 | CM25: 0 | CN25: 0 | CO25: 0 | CP25: 0 | CQ25: 1 | CR25: 0 | CS25: 0 | CT25: 0 | CU25: 0 | CV25: 0 | CW25: 0 | CX25: 0 | CY25: 0 | CZ25: 1 | DA25: 1 | DB25: 1 | DC25: 0 | DD25: 1 | DE25: 0 | DF25: 1 | DG25: 0 | DH25: 1 | DI25: 0 | DJ25: 0 | DK25: 1 | DL25: 0 | DM25: 0 | DN25: 0 | DO25: 0 | DP25: 0 | DQ25: 1 | DR25: 0 | DS25: 1 | DT25: 0 | DU25: 0 | DV25: 0 | DW25: 0 | DX25: 0 | DY25: 0 | DZ25: 0 | EA25: 0 | EB25: 1 | EC25: 0 | ED25: 0 | EE25: 1 | EF25: 0 | EG25: 0 | EH25: 0 | EI25: 0 | EJ25: 0 | EK25: 0 | EL25: 0 | EM25: 0 | EN25: 0 | EO25: 0 | EP25: 0 | EQ25: 1 | ER25: 0 | ES25: 0 | ET25: 0 | EU25: 0 | EV25: 0 | EW25: 2 | EX25: 0 | EY25: 0 | EZ25: 0 | FA25: 0 | FB25: 1 | FC25: 0 | FD25: 0 | FE25: 0 | FF25: 0 | FG25: 2 | FH25: 0 | FI25: 2 | FJ25: 0 | FK25: 0 | FL25: 1 | FM25: 0 | FN25: 0 | FO25: 0 | FP25: 2 | FQ25: 0 | FR25: 1 | FS25: 0 | FT25: 0 | FU25: 0 | FV25: 0 | FW25: 0 | FX25: 1 | FY25: 0 | FZ25: 0 | GA25: 0 | GB25: 0 | GD25: 0 | GE25: 0 | GF25: 0 | GG25: 0 | GH25: 0 | GI25: 1 | GJ25: 0 | GK25: 0 | GL25: 0 | GM25: 2 | GN25: 2 | GO25: 0 | GP25: 0 | GQ25: 2 | GR25: 0 | GS25: 0 | GT25: 2 | GU25: 0 | GV25: 0 | GW25: 2 | GX25: 0 | GY25: 0 | GZ25: 2 | HA25: 0 | HB25: 0 | HC25: 0 | HD25: 0 | HE25: 0 | HF25: 0 | HG25: 0 | HH25: 0 | HI25: 0 | HJ25: 0 | HK25: 0 | HL25: 0 | HM25: 0 | HN25: 0 | HO25: 0 | HP25: 0 | HQ25: 0 | HR25: 2 | HS25: 0 | HT25: 0 | HU25: 0 | HV25: 0 | HW25: 0 | HX25: 0 | HY25: 0 | HZ25: 0 | IA25: 0 | IB25: 0 | IC25: 0 | ID25: 1 | IE25: 0 | IF25: 0 | IG25: 0 | IH25: 0 | II25: 0 | IJ25: 0 | IK25: 2 | IL25: 0 | IM25: 1 | IN25: 0 | IO25: 0 | IP25: 0 | IQ25: 0 | IS25: 0 | IT25: 1 | IU25: 0 | IV25: 0 | IW25: 0 | IX25: 0 | IY25: 0 | IZ25: marcada
A26: 26 | B26: Fernando Rodríguez Martínez | C26: Hombre | D26: Unión-Libre | E26: 29 | F26: 05-06-1994 | G26: 18-04-2024 | H26: 08:54 pm | I26: 4 | J26: 2 | K26: 4 | L26: 3 | M26: 3 | N26: 3 | O26: 2 | P26: 2 | Q26: 2 | R26: 4 | S26: 1 | T26: 2 | U26: 2 | V26: 0 | W26: 0 | X26: 0 | Y26: 0 | Z26: 0 | AA26: 0 | AB26: 0 | AC26: 0 | AD26: 0 | AE26: 0 | AF26: 0 | AG26: 0 | AH26: 0 | AI26: 1 | AJ26: 1 | AK26: 1 | AL26: 1 | AM26: 0 | AN26: 0 | AO26: 0 | AP26: 2 | AQ26: 0 | AR26: 2 | AS26: 2 | AT26: 0 | AU26: 0 | AV26: 0 | AW26: 2 | AX26: 0 | AY26: 0 | AZ26: 2 | BA26: 0 | BB26: 4 | BC26: 0 | BD26: 4 | BE26: 4 | BF26: 0 | BG26: 2 | BH26: 2 | BI26: 4 | BJ26: 4 | BK26: 2 | BL26: 0 | BM26: Al ir a trabajar | BN26: 4 | BO26: 0 | BP26: 0 | BQ26: 0 | BR26: 0 | BS26: 2 | BT26: 0 | BU26: 0 | BV26: 0 | BW26: 0 | BX26: 0 | BY26: 0 | BZ26: 0 | CA26: 0 | CB26: 0 | CC26: 0 | CD26: 0 | CE26: 0 | CF26: 1 | CG26: 0 | CH26: 0 | CI26: 1 | CJ26: 0 | CK26: 0 | CL26: 0 | CM26: 0 | CN26: 0 | CO26: 0 | CP26: 0 | CQ26: 0 | CR26: 2 | CS26: 0 | CT26: 0 | CU26: 0 | CV26: 1 | CW26: 2 | CX26: 0 | CY26: 0 | CZ26: 0 | DA26: 2 | DB26: 0 | DC26: 0 | DD26: 0 | DE26: 3 | DF26: 3 | DG26: 0 | DH26: 3 | DI26: 0 | DJ26: 0 | DK26: 0 | DL26: 0 | DM26: 0 | DN26: 0 | DO26: 0 | DP26: 0 | DQ26: 0 | DR26: 0 | DS26: 2 | DT26: 0 | DU26: 0 | DV26: 0 | DW26: 0 | DX26: 0 | DY26: 0 | DZ26: 0 | EA26: 0 | EB26: 0 | EC26: 0 | ED26: 0 | EE26: 0 | EF26: 0 | EG26: 0 | EH26: 0 | EI26: 0 | EJ26: 2 | EK26: 0 | EL26: 0 | EM26: 0 | EN26: 0 | EO26: 0 | EP26: 0 | EQ26: 0 | ER26: 0 | ES26: 0 | ET26: 0 | EU26: 0 | EV26: 0 | EW26: 0 | EX26: 0 | EY26: 0 | EZ26: 0 | FA26: 2 | FB26: 0 | FC26: 0 | FD26: 0 | FE26: 0 | FF26: 0 | FG26: 0 | FH26: 0 | FI26: 0 | FJ26: 0 | FK26: 0 | FL26: 1 | FM26: 1 | FN26: 0 | FO26: 0 | FP26: 0 | FQ26: 4 | FR26: 2 | FS26: 0 | FT26: 0 | FU26: 4 | FV26: 0 | FW26: 0 | FX26: 0 | FY26: 0 | FZ26: 0 | GA26: 2 | GB26: 0 | GN26: 0 | GO26: 0 | GP26: 0 | GQ26: 0 | GR26: 0 | GS26: 0 | GT26: 0 | GU26: 3 | GV26: 0 | GW26: 0 | GX26: 0 | GY26: 2 | GZ26: 0 | HA26: 0 | HB26: 0 | HC26: 0 | HD26: 0 | HE26: 0 | HF26: 0 | HG26: 0 | HH26: 0 | HI26: 0 | HJ26: 0 | HK26: 0 | HL26: 0 | HM26: 0 | HN26: 0 | HO26: 0 | HP26: 0 | HQ26: 0 | HR26: 0 | HS26: 0 | HT26: 0 | HU26: 0 | HV26: 0 | HW26: 1 | HX26: 0 | HY26: 0 | HZ26: 0 | IA26: 1 | IB26: 0 | IC26: 0 | ID26: 0 | IE26: 0 | IF26: 0 | IG26: 0 | IH26: 0 | II26: 1 | IJ26: 0 | IK26: 0 | IL26: 0 | IM26: 0 | IN26: 0 | IO26: 0 | IP26: 1 | IQ26: 1 | IR26: Cuando sobre pienso las cosas o me acuerdo de algo del pasado | IS26: 2 | IT26: 0 | IU26: 3 | IV26: 0 | IW26: 0 | IX26: 0 | IY26: 0 | IZ26: marcada
A27: 27 | B27: William Miguel Mendoza Villegas | C27: Hombre | D27: one | E27: 12 | F27: 11-07-2011 | G27: 23-04-2024 | H27: 03:11 pm | I27: 4 | J27: 4 | K27: 4 | L27: 4 | M27: 4 | N27: 4 | O27: 3 | P27: 3 | Q27: 3 | R27: 4 | S27: 4 | T27: 3 | U27: 4 | V27: 0 | W27: 2 | X27: 3 | Y27: 3 | Z27: 3 | AA27: 4 | AB27: 4 | AC27: 3 | AD27: 2 | AE27: 4 | AF27: 0 | AG27: 4 | AH27: 4 | AI27: 2 | AJ27: 4 | AK27: 4 | AL27: 2 | AM27: 2 | AN27: 0 | AO27: 4 | AP27: 2 | AQ27: 2 | AR27: 0 | AS27: 4 | AT27: 4 | AU27: 2 | AV27: 4 | AW27: 4 | AX27: 2 | AY27: 4 | AZ27: 2 | BA27: 2 | BB27: 4 | BC27: 0 | BD27: 2 | BE27: 2 | BF27: 0 | BG27: 2 | BH27: 2 | BI27: 0 | BJ27: 0 | BK27: 0 | BL27: 2 | BM27: Cuando me reportaron en la secundaria cuando mi hermano me regaña | BN27: 2 | BO27: 2 | BP27: 0 | BQ27: 4 | BR27: 4 | BS27: 4 | BT27: 4 | BU27: 4 | BV27: 4 | BW27: 4 | BX27: 4 | BY27: 2 | BZ27: 4 | CA27: 4 | CB27: 0 | CC27: 4 | CD27: 4 | CE27: 0 | CF27: 0 | CG27: 2 | CH27: 4 | CI27: 0 | CJ27: 2 | CK27: 0 | CL27: 0 | CM27: 0 | CN27: 0 | CO27: 0 | CP27: 0 | CQ27: 4 | CR27: 2 | CS27: 2 | CT27: 0 | CU27: 2 | CV27: 0 | CW27: 0 | CX27: 0 | CY27: 0 | CZ27: 0 | DA27: 0 | DB27: 0 | DC27: 0 | DD27: 0 | DE27: 2 | DF27: 2 | DG27: 2 | DH27: 2 | DI27: 2 | DJ27: 4 | DK27: 0 | DL27: 4 | DM27: 4 | DN27: 0 | DO27: 0 | DP27: 0 | DQ27: 4 | DR27: 0 | DS27: 0 | DT27: 0 | DU27: 0 | DV27: 0 | DW27: 2 | DX27: 2 | DY27: 0 | DZ27: 0 | EA27: 0 | EB27: 4 | EC27: 4 | ED27: 2 | EE27: 4 | EF27: 4 | EG27: 2 | EH27: 2 | EI27: 1 | EJ27: 2 | EK27: 4 | EL27: 4 | EM27: 2 | EN27: 3 | EO27: 2 | EP27: 2 | EQ27: 2 | ER27: 1 | ES27: 1 | ET27: 1 | EU27: 2 | EV27: 2 | EW27: 4 | EX27: 4 | EY27: 2 | EZ27: 2 | FA27: 4 | FB27: 0 | FC27: 4 | FD27: 4 | FE27: 4 | FF27: 2 | FG27: 2 | FH27: 0 | FI27: 2 | FJ27: 4 | FK27: 4 | FL27: 4 | FM27: 4 | FN27: 2 | FO27: 0 | FP27: 0 | FQ27: 4 | FR27: 2 | FS27: 2 | FT27: 2 | FU27: 2 | FV27: 0 | FW27: 1 | FX27: 1 | FY27: 1 | FZ27: 4 | GA27: 0 | GB27: 0 | GC27: Mi hermano me regaña | GD27: 4 | GE27: 4 | GF27: 4 | GG27: 4 | GH27: 0 | GI27: 4 | GJ27: 4 | GK27: 2 | GL27: 2 | GM27: 2 | GN27: 2 | GO27: 2 | GP27: 4 | GQ27: 4 | GR27: 4 | GS27: 1 | GT27: 3 | GU27: 1 | GV27: 1 | GW27: 1 | GX27: 3 | GY27: 4 | GZ27: 4 | HA27: 4 | HB27: 2 | HC27: 4 | HD27: 4 | HE27: 3 | HF27: 0 | HG27: 4 | HH27: 2 | HI27: 1 | HJ27: 2 | HK27: 2 | HL27: 4 | HM27: 4 | HN27: 3 | HO27: 2 | HP27: 2 | HQ27: 2 | HR27: 0 | HS27: 4 | HT27: 0 | HU27: 0 | HV27: 4 | HW27: 2 | HX27: 2 | HY27: 1 | HZ27: 2 | IA27: 2 | IB27: 2 | IC27: 4 | ID27: 4 | IE27: 4 | IF27: 0 | IG27: 4 | IH27: 0 | II27: 0 | IJ27: 0 | IK27: 4 | IL27: 4 | IM27: 2 | IN27: 2 | IO27: 4 | IP27: 2 | IQ27: 0 | IR27: Pues cuando mi mamá discute con Raúl y mi para me regaña | IS27: 0 | IT27: 4 | IU27: 4 | IV27: 0 | IW27: 4 | IX27: 2 | IY27: 4 | IZ27: marcada
A28: 28 | B28: Dora Alicia Martinez Juarez | C28: Mujer | D28: two | E28: 59 | F28: 23-06-1964 | G28: 28-04-2024 | H28: 05:16 pm | I28: 0 | J28: 1 | K28: 2 | L28: 1 | M28: 1 | N28: 3 | O28: 2 | P28: 0 | Q28: 0 | R28: 4 | S28: 2 | T28: 0 | U28: 2 | V28: 0 | W28: 1 | X28: 2 | Y28: 0 | Z28: 2 | AA28: 2 | AB28: 1 | AC28: 2 | AD28: 1 | AE28: 2 | AF28: 2 | AG28: 3 | AH28: 2 | AI28: 1 | AJ28: 1 | AK28: 2 | AL28: 1 | AM28: 4 | AN28: 2 | AO28: 2 | AP28: 3 | AQ28: 2 | AR28: 1 | AS28: 2 | AT28: 2 | AU28: 1 | AV28: 0 | AW28: 2 | AX28: 2 | AY28: 2 | AZ28: 3 | BA28: 1 | BB28: 3 | BC28: 2 | BD28: 3 | BE28: 0 | BF28: 0 | BG28: 0 | BH28: 0 | BI28: 0 | BJ28: 2 | BK28: 1 | BL28: 0 | BN28: 1 | BO28: 2 | BP28: 1 | BQ28: 2 | BR28: 3 | BS28: 2 | BT28: 1 | BU28: 2 | BV28: 0 | BW28: 2 | BX28: 0 | BY28: 0 | BZ28: 2 | CA28: 2 | CB28: 2 | CC28: 1 | CD28: 2 | CE28: 0 | CF28: 2 | CG28: 2 | CH28: 1 | CI28: 0 | CJ28: 0 | CK28: 0 | CL28: 1 | CM28: 0 | CN28: 0 | CO28: 0 | CP28: 0 | CQ28: 1 | CR28: 0 | CS28: 0 | CT28: 0 | CU28: 1 | CV28: 2 | CW28: 2 | CX28: 1 | CY28: 0 | CZ28: 0 | DA28: 0 | DB28: 0 | DC28: 0 | DD28: 0 | DE28: 2 | DF28: 2 | DG28: 1 | DH28: 2 | DI28: 2 | DJ28: 0 | DK28: 2 | DL28: 1 | DM28: 0 | DN28: 0 | DO28: 0 | DP28: 2 | DQ28: 1 | DR28: 0 | DS28: 2 | DT28: 0 | DU28: 0 | DV28: 2 | DW28: 1 | DX28: 2 | DY28: 1 | DZ28: 2 | EA28: 2 | EB28: 0 | EC28: 0 | ED28: 0 | EE28: 0 | EF28: 0 | EG28: 0 | EH28: 0 | EI28: 2 | EJ28: 2 | EK28: 0 | EL28: 1 | EM28: 1 | EN28: 0 | EO28: 2 | EP28: 2 | EQ28: 1 | ER28: 0 | ES28: 2 | ET28: 0 | EU28: 2 | EV28: 2 | EW28: 1 | EX28: 2 | EY28: 1 | EZ28: 2 | FA28: 2 | FB28: 1 | FC28: 1 | FD28: 2 | FE28: 1 | FF28: 2 | FG28: 1 | FH28: 0 | FI28: 0 | FJ28: 0 | FK28: 3 | FL28: 2 | FM28: 2 | FN28: 1 | FO28: 0 | FP28: 0 | FQ28: 3 | FR28: 3 | FS28: 2 | FT28: 2 | FU28: 0 | FV28: 0 | FW28: 0 | FX28: 0 | FY28: 0 | FZ28: 0 | GA28: 0 | GB28: 0 | GD28: 2 | GE28: 3 | GF28: 0 | GG28: 2 | GH28: 2 | GI28: 2 | GJ28: 2 | GK28: 0 | GL28: 2 | GM28: 2 | GN28: 2 | GO28: 0 | GP28: 0 | GQ28: 2 | GR28: 0 | GS28: 1 | GT28: 1 | GU28: 0 | GV28: 2 | GW28: 0 | GX28: 2 | GY28: 0 | GZ28: 0 | HA28: 1 | HB28: 0 | HC28: 0 | HD28: 0 | HE28: 0 | HF28: 0 | HG28: 0 | HH28: 2 | HI28: 0 | HJ28: 2 | HK28: 2 | HL28: 0 | HM28: 0 | HN28: 0 | HO28: 2 | HP28: 0 | HQ28: 2 | HR28: 0 | HS28: 0 | HT28: 0 | HU28: 0 | HV28: 1 | HW28: 0 | HX28: 2 | HY28: 0 | HZ28: 0 | IA28: 2 | IB28: 0 | IC28: 2 | ID28: 2 | IE28: 0 | IF28: 2 | IG28: 0 | IH28: 0 | II28: 0 | IJ28: 0 | IK28: 0 | IL28: 0 | IM28: 2 | IN28: 0 | IO28: 2 | IP28: 1 | IQ28: 0 | IS28: 2 | IT28: 2 | IU28: 0 | IV28: 2 | IW28: 1 | IX28: 1 | IY28: 0 | IZ28: marcada
A29: 29 | B29: Noe Javier Ramírez castorena | C29: Hombre | D29: Unión-Libre | E29: 45 | F29: 13-06-1978 | G29: 09-05-2024 | H29: 06:02 pm | I29: 1 | J29: 0 | K29: 0 | L29: 0 | M29: 0 | N29: 0 | O29: 1 | P29: 0 | Q29: 0 | R29: 0 | S29: 0 | T29: 0 | U29: 0 | V29: 0 | W29: 0 | X29: 0 | Y29: 0 | Z29: 0 | AA29: 0 | AB29: 0 | AC29: 0 | AD29: 0 | AE29: 0 | AF29: 0 | AG29: 0 | AH29: 1 | AI29: 0 | AJ29: 1 | AK29: 0 | AL29: 0 | AM29: 0 | AN29: 0 | AO29: 0 | AP29: 0 | AQ29: 0 | AR29: 0 | AS29: 0 | AT29: 0 | AU29: 0 | AV29: 0 | AW29: 0 | AX29: 0 | AY29: 0 | AZ29: 0 | BA29: 0 | BB29: 1 | BC29: 0 | BD29: 0 | BE29: 0 | BF29: 0 | BG29: 0 | BH29: 0 | BI29: 0 | BJ29: 1 | BK29: 0 | BL29: 0 | BM29: Me gusta tener responsabilidades en mi trabajo y ser reconocido | BN29: 1 | BO29: 0 | BP29: 0 | BQ29: 0 | BR29: 0 | BS29: 0 | BT29: 0 | BU29: 0 | BV29: 0 | BW29: 0 | BX29: 0 | BY29: 0 | BZ29: 0 | CA29: 1 | CB29: 0 | CC29: 1 | CD29: 0 | CE29: 0 | CF29: 0 | CG29: 0 | CH29: 0 | CI29: 0 | CJ29: 0 | CK29: 2 | CL29: 0 | CM29: 0 | CN29: 0 | CO29: 0 | CP29: 0 | CQ29: 0 | CR29: 0 | CS29: 0 | CT29: 0 | CU29: 0 | CV29: 0 | CW29: 0 | CX29: 2 | CY29: 0 | CZ29: 0 | DA29: 0 | DB29: 0 | DC29: 0 | DD29: 0 | DE29: 0 | DF29: 0 | DG29: 0 | DH29: 0 | DI29: 1 | DJ29: 0 | DK29: 0 | DL29: 2 | DM29: 0 | DN29: 0 | DO29: 0 | DP29: 0 | DQ29: 0 | DR29: 0 | DS29: 0 | DT29: 0 | DU29: 0 | DV29: 0 | DW29: 1 | DX29: 0 | DY29: 0 | DZ29: 0 | EA29: 0 | EB29: 0 | EC29: 0 | ED29: 0 | EE29: 0 | EF29: 0 | EG29: 0 | EH29: 0 | EI29: 2 | EJ29: 0 | EK29: 0 | EL29: 0 | EM29: 1 | EN29: 0 | EO29: 0 | EP29: 2 | EQ29: 0 | ER29: 0 | ES29: 0 | ET29: 0 | EU29: 0 | EV29: 0 | EW29: 0 | EX29: 0 | EY29: 0 | EZ29: 2 | FA29: 2 | FB29: 0 | FC29: 0 | FD29: 0 | FE29: 0 | FF29: 0 | FG29: 0 | FH29: 0 | FI29: 0 | FJ29: 0 | FK29: 0 | FL29: 0 | FM29: 0 | FN29: 0 | FO29: 0 | FP29: 0 | FQ29: 0 | FR29: 0 | FS29: 0 | FT29: 0 | FU29: 0 | FV29: 0 | FW29: 2 | FX29: 0 | FY29: 0 | FZ29: 0 | GA29: 0 | GB29: 0 | GD29: 0 | GE29: 0 | GF29: 0 | GG29: 0 | GH29: 1 | GI29: 0 | GJ29: 0 | GK29: 0 | GL29: 0 | GM29: 0 | GN29: 0 | GO29: 0 | GP29: 0 | GQ29: 2 | GR29: 0 | GS29: 0 | GT29: 0 | GU29: 0 | GV29: 0 | GW29: 0 | GX29: 0 | GY29: 0 | GZ29: 0 | HA29: 0 | HB29: 0 | HC29: 0 | HD29: 0 | HE29: 0 | HF29: 0 | HG29: 0 | HH29: 0 | HI29: 0 | HJ29: 0 | HK29: 0 | HL29: 0 | HM29: 0 | HN29: 0 | HO29: 0 | HP29: 0 | HQ29: 0 | HR29: 0 | HS29: 0 | HT29: 0 | HU29: 0 | HV29: 0 | HW29: 0 | HX29: 0 | HY29: 0 | HZ29: 0 | IA29: 0 | IB29: 0 | IC29: 0 | ID29: 0 | IE29: 0 | IF29: 0 | IG29: 0 | IH29: 0 | II29: 0 | IJ29: 0 | IK29: 0 | IL29: 0 | IM29: 0 | IN29: 0 | IO29: 0 | IP29: 0 | IQ29: 0 | IS29: 0 | IT29: 0 | IU29: 0 | IV29: 0 | IW29: 0 | IX29: 2 | IY29: 0 | IZ29: marcada
A30: 30 | B30: María del Carmen Rodríguez Parra | C30: Mujer | D30: two | E30: 38 | F30: 09-03-2024 | G30: 14-05-2024 | H30: 09:40 am | I30: 3 | J30: 4 | K30: 4 | L30: 2 | M30: 2 | N30: 3 | O30: 3 | P30: 2 | Q30: 2 | R30: 2 | S30: 2 | T30: 1 | U30: 1 | V30: 2 | W30: 4 | X30: 4 | Y30: 4 | Z30: 4 | AA30: 2 | AB30: 2 | AC30: 2 | AD30: 2 | AE30: 3 | AF30: 1 | AG30: 1 | AH30: 1 | AI30: 2 | AJ30: 4 | AK30: 4 | AL30: 4 | AM30: 0 | AN30: 4 | AO30: 4 | AP30: 1 | AQ30: 1 | AR30: 2 | AS30: 1 | AT30: 2 | AU30: 2 | AV30: 2 | AW30: 3 | AX30: 3 | AY30: 3 | AZ30: 3 | BA30: 3 | BB30: 2 | BC30: 2 | BD30: 2 | BE30: 4 | BF30: 4 | BG30: 4 | BH30: 4 | BI30: 4 | BJ30: 4 | BK30: 4 | BL30: 4 | BM30: Cuando se llegan los días en qué tengo que ir a vender siento mucho miedo de que no vaya a tener la respuesta que espero en la venta de mi comida | BN30: 4 | BO30: 4 | BP30: 4 | BQ30: 4 | BR30: 4 | BS30: 4 | BT30: 4 | BU30: 2 | BV30: 3 | BW30: 3 | BX30: 2 | BY30: 2 | BZ30: 2 | CA30: 3 | CB30: 3 | CC30: 3 | CD30: 3 | CE30: 3 | CF30: 3 | CG30: 3 | CH30: 3 | CI30: 3 | CJ30: 3 | CK30: 3 | CL30: 3 | CM30: 3 | CN30: 3 | CO30: 3 | CP30: 3 | CQ30: 4 | CR30: 2 | CS30: 2 | CT30: 2 | CU30: 2 | CV30: 2 | CW30: 2 | CX30: 1 | CY30: 1 | CZ30: 2 | DA30: 2 | DB30: 2 | DC30: 0 | DD30: 1 | DE30: 3 | DF30: 4 | DG30: 4 | DH30: 4 | DI30: 3 | DJ30: 2 | DK30: 3 | DL30: 3 | DM30: 3 | DN30: 2 | DO30: 2 | DP30: 2 | DQ30: 3 | DR30: 3 | DS30: 2 | DT30: 2 | DU30: 1 | DV30: 1 | DW30: 3 | DX30: 3 | DY30: 3 | DZ30: 2 | EA30: 3 | EB30: 1 | EC30: 1 | ED30: 1 | EE30: 1 | EF30: 1 | EG30: 1 | EH30: 1 | EI30: 3 | EJ30: 3 | EK30: 4 | EL30: 3 | EM30: 4 | EN30: 1 | EO30: 1 | EP30: 1 | EQ30: 2 | ER30: 2 | ES30: 1 | ET30: 1 | EU30: 4 | EV30: 4 | EW30: 4 | EX30: 4 | EY30: 3 | EZ30: 3 | FA30: 1 | FB30: 1 | FC30: 1 | FD30: 1 | FE30: 1 | FF30: 2 | FG30: 3 | FH30: 3 | FI30: 1 | FJ30: 1 | FK30: 3 | FL30: 3 | FM30: 3 | FN30: 2 | FO30: 2 | FP30: 2 | FQ30: 3 | FR30: 3 | FS30: 2 | FT30: 2 | FU30: 3 | FV30: 4 | FW30: 4 | FX30: 4 | FY30: 4 | FZ30: 3 | GA30: 3 | GB30: 4 | GC30: Estar preocupada por qué me falte dinero o comida | GD30: 3 | GE30: 4 | GF30: 4 | GG30: 4 | GI30: 3 | GJ30: 3 | GK30: 2 | GL30: 2 | GM30: 3 | GN30: 3 | GO30: 3 | GP30: 3 | GQ30: 3 | GR30: 3 | GS30: 4 | GT30: 3 | GU30: 3 | GV30: 3 | GW30: 3 | GX30: 2 | GY30: 3 | GZ30: 3 | HA30: 2 | HB30: 3 | HC30: 3 | HD30: 3 | HE30: 3 | HF30: 2 | HG30: 2 | HH30: 3 | HI30: 3 | HJ30: 4 | HK30: 3 | HL30: 3 | HM30: 3 | HN30: 2 | HO30: 4 | HP30: 4 | HQ30: 4 | HR30: 1 | HS30: 1 | HT30: 1 | HU30: 1 | HV30: 4 | HW30: 4 | HX30: 1 | HY30: 1 | HZ30: 3 | IA30: 3 | IB30: 3 | IC30: 1 | ID30: 1 | IE30: 1 | IF30: 1 | IG30: 1 | IH30: 2 | II30: 3 | IJ30: 3 | IK30: 3 | IL30: 2 | IM30: 1 | IN30: 1 | IO30: 1 | IP30: 2 | IQ30: 3 | IR30: Al tomar una decisión importante | IS30: 4 | IT30: 4 | IU30: 4 | IV30: 4 | IW30: 4 | IX30: 3 | IY30: 3 | IZ30: marcada
A31: 31 | B31: José Alberto Pérez Bautista | C31: Hombre | D31: Unión-Libre | E31: 44 | F31: 29-01-1980 | G31: 15-05-2024 | H31: 05:31 pm | I31: 1 | J31: 0 | K31: 3 | L31: 2 | M31: 2 | N31: 1 | O31: 1 | P31: 0 | Q31: 0 | R31: 0 | S31: 0 | T31: 0 | U31: 0 | V31: 1 | W31: 0 | X31: 0 | Y31: 1 | Z31: 0 | AA31: 1 | AB31: 0 | AC31: 1 | AD31: 0 | AE31: 1 | AF31: 0 | AG31: 0 | AH31: 0 | AI31: 0 | AJ31: 1 | AK31: 1 | AL31: 0 | AM31: 0 | AN31: 0 | AO31: 0 | AP31: 2 | AQ31: 0 | AR31: 3 | AS31: 3 | AT31: 0 | AU31: 1 | AV31: 1 | AW31: 2 | AX31: 0 | AY31: 0 | AZ31: 1 | BA31: 0 | BB31: 1 | BC31: 0 | BD31: 0 | BE31: 0 | BF31: 0 | BG31: 0 | BH31: 0 | BI31: 0 | BJ31: 0 | BK31: 0 | BL31: 0 | BM31: Ninguna | BN31: 1 | BO31: 0 | BP31: 1 | BQ31: 2 | BR31: 0 | BS31: 1 | BT31: 0 | BU31: 0 | BV31: 0 | BW31: 1 | BX31: 0 | BY31: 0 | BZ31: 0 | CA31: 0 | CB31: 1 | CC31: 0 | CD31: 0 | CE31: 0 | CF31: 1 | CG31: 0 | CH31: 0 | CI31: 0 | CJ31: 0 | CK31: 0 | CL31: 0 | CM31: 0 | CN31: 0 | CO31: 0 | CP31: 0 | CQ31: 0 | CR31: 0 | CS31: 0 | CT31: 0 | CU31: 0 | CV31: 0 | CW31: 0 | CX31: 0 | CY31: 0 | CZ31: 0 | DA31: 2 | DB31: 1 | DC31: 0 | DD31: 0 | DE31: 1 | DF31: 2 | DG31: 0 | DH31: 2 | DI31: 0 | DJ31: 0 | DK31: 0 | DL31: 0 | DM31: 0 | DN31: 0 | DO31: 0 | DP31: 1 | DQ31: 0 | DR31: 0 | DS31: 0 | DT31: 0 | DU31: 0 | DV31: 0 | DW31: 0 | DX31: 1 | DY31: 1 | DZ31: 0 | EA31: 0 | EB31: 0 | EC31: 0 | ED31: 0 | EE31: 0 | EF31: 0 | EG31: 0 | EH31: 0 | EI31: 0 | EJ31: 2 | EK31: 0 | EL31: 0 | EM31: 1 | EN31: 0 | EO31: 0 | EP31: 0 | EQ31: 0 | ER31: 0 | ES31: 0 | ET31: 0 | EU31: 0 | EV31: 0 | EW31: 0 | EX31: 0 | EY31: 0 | EZ31: 0 | FA31: 0 | FB31: 0 | FC31: 0 | FD31: 0 | FE31: 0 | FF31: 0 | FG31: 0 | FH31: 0 | FI31: 0 | FJ31: 0 | FK31: 0 | FL31: 1 | FM31: 0 | FN31: 0 | FO31: 0 | FP31: 0 | FQ31: 1 | FR31: 2 | FS31: 0 | FT31: 0 | FU31: 0 | FV31: 0 | FW31: 0 | FX31: 0 | FY31: 0 | FZ31: 0 | GA31: 0 | GB31: 0 | GC31: Ninguna | GD31: 0 | GE31: 0 | GF31: 0 | GG31: 0 | GH31: 2 | GI31: 0 | GJ31: 0 | GK31: 0 | GL31: 0 | GM31: 0 | GN31: 1 | GO31: 1 | GP31: 0 | GQ31: 2 | GR31: 0 | GS31: 0 | GT31: 1 | GU31: 0 | GV31: 0 | GW31: 0 | GX31: 0 | GY31: 0 | GZ31: 0 | HA31: 0 | HB31: 0 | HC31: 0 | HD31: 0 | HE31: 0 | HF31: 0 | HG31: 0 | HH31: 1 | HI31: 0 | HJ31: 0 | HK31: 1 | HL31: 0 | HM31: 0 | HN31: 0 | HO31: 0 | HP31: 0 | HQ31: 0 | HR31: 0 | HS31: 0 | HT31: 0 | HU31: 0 | HV31: 0 | HW31: 0 | HX31: 0 | HY31: 0 | HZ31: 0 | IA31: 1 | IB31: 0 | IC31: 0 | ID31: 0 | IE31: 0 | IF31: 0 | IG31: 0 | IH31: 0 | II31: 0 | IJ31: 1 | IK31: 0 | IL31: 0 | IM31: 0 | IN31: 0 | IO31: 0 | IP31: 0 | IQ31: 0 | IR31: Ninguna | IS31: 1 | IT31: 0 | IU31: 0 | IV31: 0 | IW31: 0 | IX31: 0 | IY31: 0 | IZ31: marcada
A32: 32 | B32: Edwin Alberto Reséndiz Longoria | C32: Hombre | D32: one | E32: 27 | F32: 21-03-2024 | G32: 15-05-2024 | H32: 01:04 pm | I32: 1 | J32: 2 | K32: 1 | L32: 0 | M32: 1 | N32: 3 | O32: 1 | P32: 2 | Q32: 1 | R32: 1 | S32: 0 | T32: 2 | U32: 3 | V32: 0 | W32: 1 | X32: 2 | Y32: 2 | Z32: 1 | AA32: 2 | AB32: 3 | AC32: 2 | AD32: 2 | AE32: 1 | AF32: 0 | AG32: 0 | AH32: 0 | AI32: 3 | AJ32: 4 | AK32: 4 | AL32: 4 | AM32: 1 | AN32: 0 | AO32: 2 | AP32: 1 | AQ32: 1 | AR32: 0 | AS32: 1 | AT32: 1 | AU32: 1 | AV32: 0 | AW32: 2 | AX32: 1 | AY32: 1 | AZ32: 1 | BA32: 0 | BB32: 2 | BC32: 1 | BD32: 2 | BE32: 0 | BF32: 0 | BG32: 3 | BH32: 1 | BI32: 1 | BJ32: 2 | BK32: 2 | BL32: 0 | BN32: 2 | BO32: 0 | BP32: 3 | BQ32: 3 | BR32: 2 | BS32: 2 | BT32: 1 | BU32: 0 | BV32: 1 | BW32: 1 | BX32: 1 | BY32: 0 | BZ32: 0 | CA32: 0 | CB32: 1 | CC32: 1 | CD32: 0 | CE32: 0 | CF32: 0 | CG32: 0 | CH32: 0 | CI32: 1 | CJ32: 0 | CK32: 0 | CL32: 0 | CM32: 0 | CN32: 4 | CO32: 0 | CP32: 0 | CQ32: 1 | CR32: 1 | CS32: 0 | CT32: 0 | CU32: 0 | CV32: 0 | CW32: 0 | CX32: 0 | CY32: 0 | CZ32: 0 | DA32: 0 | DB32: 0 | DC32: 0 | DD32: 0 | DE32: 0 | DF32: 0 | DG32: 2 | DH32: 1 | DI32: 0 | DJ32: 0 | DK32: 1 | DL32: 0 | DM32: 0 | DN32: 0 | DO32: 0 | DP32: 1 | DQ32: 1 | DR32: 0 | DS32: 0 | DT32: 0 | DU32: 0 | DV32: 0 | DW32: 0 | DX32: 1 | DY32: 0 | DZ32: 0 | EA32: 0 | EB32: 0 | EC32: 0 | ED32: 0 | EE32: 0 | EF32: 0 | EG32: 0 | EH32: 0 | EI32: 1 | EJ32: 0 | EK32: 1 | EL32: 0 | EM32: 0 | EN32: 0 | EO32: 0 | EP32: 0 | EQ32: 0 | ER32: 0 | ES32: 0 | ET32: 0 | EU32: 0 | EV32: 0 | EW32: 0 | EX32: 0 | EY32: 3 | EZ32: 1 | FA32: 1 | FB32: 0 | FC32: 1 | FD32: 1 | FE32: 0 | FF32: 1 | FG32: 0 | FH32: 0 | FI32: 0 | FJ32: 0 | FK32: 0 | FL32: 0 | FM32: 4 | FN32: 0 | FO32: 0 | FP32: 0 | FQ32: 0 | FR32: 0 | FS32: 0 | FT32: 1 | FU32: 0 | FV32: 1 | FW32: 1 | FX32: 0 | FY32: 0 | FZ32: 0 | GA32: 0 | GB32: 0 | GD32: 1 | GE32: 0 | GF32: 1 | GG32: 1 | GH32: 1 | GI32: 0 | GJ32: 0 | GK32: 0 | GL32: 0 | GM32: 0 | GN32: 3 | GO32: 2 | GP32: 2 | GQ32: 1 | GR32: 1 | GS32: 4 | GT32: 2 | GU32: 0 | GV32: 0 | GW32: 1 | GX32: 3 | GY32: 1 | GZ32: 3 | HA32: 1 | HB32: 1 | HC32: 0 | HD32: 0 | HE32: 0 | HF32: 0 | HG32: 0 | HH32: 0 | HI32: 0 | HJ32: 0 | HK32: 1 | HL32: 1 | HM32: 0 | HN32: 0 | HO32: 1 | HP32: 0 | HQ32: 0 | HR32: 0 | HS32: 0 | HT32: 0 | HU32: 0 | HV32: 3 | HW32: 0 | HX32: 0 | HY32: 0 | HZ32: 0 | IA32: 3 | IB32: 0 | IC32: 0 | ID32: 0 | IE32: 0 | IF32: 0 | IG32: 0 | IH32: 0 | II32: 0 | IJ32: 1 | IK32: 0 | IL32: 1 | IM32: 0 | IN32: 0 | IO32: 0 | IP32: 2 | IQ32: 1 | IS32: 2 | IT32: 1 | IU32: 0 | IV32: 3 | IW32: 3 | IX32: 0 | IY32: 3 | IZ32: marcada
A33: 33 | B33: Sofía Lorena Plata Vázquez | C33: Mujer | D33: one | E33: 15 | F33: 24-06-2008 | G33: 16-05-2024 | H33: 03:00 pm | I33: 4 | J33: 2 | K33: 4 | L33: 3 | M33: 3 | N33: 3 | O33: 2 | P33: 3 | Q33: 2 | R33: 1 | S33: 1 | T33: 0 | U33: 3 | V33: 1 | W33: 2 | X33: 2 | Y33: 2 | Z33: 3 | AA33: 4 | AB33: 4 | AC33: 4 | AD33: 4 | AE33: 2 | AF33: 3 | AG33: 3 | AH33: 2 | AI33: 3 | AJ33: 3 | AK33: 3 | AL33: 3 | AM33: 3 | AN33: 2 | AO33: 3 | AP33: 3 | AQ33: 2 | AR33: 1 | AS33: 1 | AT33: 3 | AU33: 3 | AV33: 3 | AW33: 3 | AX33: 1 | AY33: 2 | AZ33: 3 | BA33: 2 | BB33: 2 | BC33: 3 | BD33: 3 | BE33: 3 | BF33: 3 | BG33: 3 | BH33: 3 | BI33: 2 | BJ33: 1 | BK33: 3 | BL33: 2 | BM33: En la escuela, ámbito social, cuando bailo | BN33: 3 | BO33: 3 | BP33: 3 | BQ33: 3 | BR33: 3 | BS33: 3 | BT33: 3 | BU33: 4 | BV33: 2 | BW33: 4 | BX33: 2 | BY33: 2 | BZ33: 2 | CA33: 2 | CB33: 4 | CC33: 2 | CD33: 4 | CE33: 2 | CF33: 2 | CG33: 2 | CH33: 1 | CI33: 4 | CJ33: 2 | CK33: 2 | CL33: 2 | CM33: 1 | CN33: 1 | CO33: 2 | CP33: 1 | CQ33: 4 | CR33: 2 | CS33: 3 | CT33: 1 | CU33: 1 | CV33: 2 | CW33: 2 | CX33: 1 | CY33: 2 | CZ33: 0 | DA33: 3 | DB33: 3 | DC33: 1 | DD33: 2 | DE33: 2 | DF33: 2 | DG33: 3 | DH33: 3 | DI33: 2 | DJ33: 1 | DK33: 2 | DL33: 3 | DM33: 2 | DN33: 2 | DO33: 3 | DP33: 4 | DQ33: 4 | DR33: 2 | DS33: 4 | DT33: 4 | DU33: 2 | DV33: 2 | DW33: 4 | DX33: 3 | DY33: 2 | DZ33: 1 | EA33: 1 | EB33: 4 | EC33: 4 | ED33: 2 | EE33: 4 | EF33: 3 | EG33: 3 | EH33: 3 | EI33: 3 | EJ33: 3 | EK33: 2 | EL33: 3 | EM33: 3 | EN33: 3 | EO33: 2 | EP33: 1 | EQ33: 2 | ER33: 1 | ES33: 2 | ET33: 2 | EU33: 4 | EV33: 4 | EW33: 3 | EX33: 4 | EY33: 3 | EZ33: 2 | FA33: 4 | FB33: 2 | FC33: 2 | FD33: 1 | FE33: 2 | FF33: 4 | FG33: 4 | FH33: 2 | FI33: 2 | FJ33: 2 | FK33: 3 | FL33: 2 | FM33: 2 | FN33: 3 | FO33: 2 | FP33: 3 | FQ33: 3 | FR33: 3 | FS33: 2 | FT33: 3 | FU33: 1 | FV33: 2 | FW33: 2 | FX33: 3 | FY33: 3 | FZ33: 3 | GA33: 2 | GB33: 3 | GC33: Sobre pensar demasiado en algo que hice | GD33: 4 | GE33: 4 | GF33: 4 | GG33: 3 | GH33: 4 | GI33: 4 | GJ33: 4 | GK33: 3 | GL33: 3 | GM33: 4 | GN33: 4 | GO33: 3 | GP33: 3 | GQ33: 3 | GR33: 3 | GS33: 3 | GT33: 3 | GU33: 0 | GV33: 3 | GW33: 3 | GX33: 3 | GY33: 0 | GZ33: 3 | HA33: 2 | HB33: 2 | HC33: 0 | HD33: 2 | HE33: 0 | HF33: 3 | HG33: 0 | HH33: 3 | HI33: 0 | HJ33: 2 | HK33: 4 | HL33: 0 | HM33: 3 | HN33: 0 | HO33: 3 | HP33: 0 | HQ33: 3 | HR33: 4 | HS33: 4 | HT33: 4 | HU33: 4 | HV33: 4 | HW33: 0 | HX33: 2 | HY33: 3 | HZ33: 3 | IA33: 4 | IB33: 0 | IC33: 2 | ID33: 4 | IE33: 0 | IF33: 3 | IG33: 3 | IH33: 3 | II33: 0 | IJ33: 4 | IK33: 3 | IL33: 3 | IM33: 3 | IN33: 0 | IO33: 3 | IP33: 0 | IQ33: 3 | IS33: 4 | IT33: 4 | IU33: 0 | IV33: 4 | IW33: 4 | IX33: 2 | IY33: 1 | IZ33: marcada
A34: 34 | B34: Evelyn Stephanie Quiroz Martínez | C34: Mujer | D34: one | E34: 21 | F34: 22-03-2003 | G34: 17-05-2024 | H34: 09:20 am | I34: 2 | J34: 1 | K34: 1 | L34: 3 | M34: 3 | N34: 2 | O34: 3 | P34: 1 | Q34: 3 | R34: 3 | S34: 2 | T34: 2 | U34: 3 | V34: 1 | W34: 1 | X34: 3 | Y34: 3 | Z34: 3 | AA34: 4 | AB34: 4 | AC34: 3 | AD34: 4 | AE34: 3 | AF34: 0 | AG34: 0 | AH34: 0 | AI34: 3 | AJ34: 3 | AK34: 3 | AL34: 4 | AM34: 0 | AN34: 0 | AO34: 3 | AP34: 2 | AQ34: 1 | AR34: 1 | AS34: 3 | AT34: 4 | AU34: 3 | AV34: 2 | AW34: 3 | AX34: 2 | AY34: 3 | AZ34: 3 | BA34: 3 | BB34: 0 | BC34: 0 | BD34: 0 | BE34: 1 | BF34: 2 | BG34: 3 | BH34: 1 | BI34: 1 | BJ34: 2 | BK34: 2 | BL34: 0 | BN34: 2 | BO34: 1 | BP34: 2 | BQ34: 2 | BR34: 1 | BS34: 4 | BT34: 4 | BU34: 3 | BV34: 0 | BW34: 2 | BX34: 0 | BY34: 1 | BZ34: 0 | CA34: 2 | CB34: 1 | CC34: 0 | CD34: 3 | CE34: 0 | CF34: 1 | CG34: 0 | CH34: 0 | CI34: 2 | CJ34: 1 | CK34: 4 | CL34: 0 | CM34: 1 | CN34: 1 | CO34: 1 | CP34: 0 | CQ34: 0 | CR34: 2 | CS34: 0 | CT34: 1 | CU34: 0 | CV34: 2 | CW34: 3 | CX34: 1 | CY34: 0 | CZ34: 0 | DA34: 0 | DB34: 0 | DC34: 2 | DD34: 0 | DE34: 1 | DF34: 4 | DG34: 0 | DH34: 1 | DI34: 0 | DJ34: 2 | DK34: 0 | DL34: 4 | DM34: 0 | DN34: 1 | DO34: 0 | DP34: 2 | DQ34: 4 | DR34: 0 | DS34: 1 | DT34: 1 | DU34: 2 | DV34: 0 | DW34: 3 | DX34: 3 | DY34: 2 | DZ34: 1 | EA34: 3 | EB34: 0 | EC34: 0 | ED34: 0 | EE34: 0 | EF34: 0 | EG34: 0 | EH34: 0 | EI34: 4 | EJ34: 4 | EK34: 0 | EL34: 0 | EM34: 3 | EN34: 0 | EO34: 0 | EP34: 2 | EQ34: 2 | ER34: 0 | ES34: 0 | ET34: 0 | EU34: 3 | EV34: 3 | EW34: 0 | EX34: 3 | EY34: 0 | EZ34: 0 | FA34: 1 | FB34: 2 | FC34: 4 | FD34: 0 | FE34: 0 | FF34: 1 | FG34: 4 | FH34: 0 | FI34: 1 | FJ34: 0 | FK34: 4 | FL34: 0 | FM34: 1 | FN34: 3 | FO34: 0 | FP34: 3 | FQ34: 0 | FR34: 0 | FS34: 0 | FT34: 0 | FU34: 3 | FV34: 4 | FW34: 1 | FX34: 1 | FY34: 1 | FZ34: 2 | GA34: 0 | GB34: 0 | GD34: 2 | GE34: 1 | GF34: 4 | GG34: 1 | GI34: 0 | GJ34: 1 | GK34: 2 | GL34: 0 | GM34: 3 | GN34: 3 | GO34: 3 | GP34: 2 | GQ34: 2 | GR34: 1 | GS34: 3 | GT34: 3 | GU34: 4 | GV34: 3 | GW34: 2 | GX34: 3 | GY34: 3 | GZ34: 3 | HA34: 3 | HB34: 3 | HC34: 3 | HD34: 2 | HE34: 0 | HF34: 1 | HG34: 0 | HH34: 3 | HI34: 1 | HJ34: 1 | HK34: 3 | HL34: 2 | HM34: 2 | HN34: 2 | HO34: 3 | HP34: 3 | HQ34: 3 | HR34: 0 | HS34: 0 | HT34: 0 | HU34: 0 | HV34: 4 | HW34: 4 | HX34: 0 | HY34: 0 | HZ34: 0 | IA34: 3 | IB34: 3 | IC34: 1 | ID34: 2 | IE34: 0 | IF34: 2 | IG34: 2 | IH34: 1 | II34: 2 | IJ34: 2 | IK34: 2 | IL34: 4 | IM34: 2 | IN34: 0 | IO34: 0 | IP34: 3 | IQ34: 1 | IR34: al hablar en público sueño tartamudear mucho o combinar palabras | IS34: 4 | IT34: 3 | IU34: 4 | IV34: 2 | IW34: 2 | IX34: 2 | IY34: 4 | IZ34: marcada
A35: 35 | B35: Maricruz Ayala Cisneros | C35: Mujer | D35: two | E35: 30 | F35: 10-01-1994 | G35: 20-05-2024 | H35: 03:15 pm | I35: 1 | J35: 0 | K35: 2 | L35: 2 | M35: 0 | N35: 4 | O35: 0 | P35: 1 | Q35: 2 | R35: 3 | S35: 0 | T35: 2 | U35: 0 | V35: 0 | W35: 1 | X35: 0 | Y35: 0 | Z35: 0 | AA35: 0 | AB35: 0 | AC35: 0 | AD35: 0 | AE35: 1 | AF35: 4 | AG35: 4 | AH35: 4 | AI35: 2 | AJ35: 4 | AK35: 1 | AL35: 0 | AM35: 4 | AN35: 2 | AO35: 4 | AP35: 4 | AQ35: 0 | AR35: 2 | AS35: 0 | AT35: 0 | AU35: 3 | AV35: 0 | AW35: 4 | AX35: 1 | AY35: 4 | AZ35: 4 | BA35: 0 | BB35: 4 | BC35: 0 | BD35: 4 | BE35: 4 | BF35: 0 | BG35: 2 | BH35: 2 | BI35: 3 | BJ35: 2 | BK35: 0 | BL35: 0 | BN35: 4 | BO35: 0 | BP35: 2 | BQ35: 1 | BR35: 3 | BS35: 0 | BT35: 0 | BU35: 0 | BV35: 1 | BW35: 2 | BX35: 0 | BY35: 0 | BZ35: 0 | CA35: 0 | CB35: 1 | CC35: 3 | CD35: 0 | CE35: 1 | CF35: 1 | CG35: 0 | CH35: 0 | CI35: 3 | CJ35: 3 | CK35: 0 | CL35: 0 | CM35: 1 | CN35: 0 | CO35: 0 | CP35: 0 | CQ35: 1 | CR35: 1 | CS35: 1 | CT35: 0 | CU35: 0 | CV35: 2 | CW35: 2 | CX35: 0 | CY35: 0 | CZ35: 0 | DA35: 0 | DB35: 0 | DC35: 0 | DD35: 0 | DE35: 3 | DF35: 2 | DG35: 2 | DH35: 2 | DI35: 1 | DJ35: 1 | DK35: 0 | DL35: 0 | DM35: 0 | DN35: 0 | DO35: 0 | DP35: 1 | DQ35: 1 | DR35: 0 | DS35: 1 | DT35: 0 | DU35: 0 | DV35: 0 | DW35: 0 | DX35: 2 | DY35: 0 | DZ35: 0 | EA35: 0 | EB35: 4 | EC35: 0 | ED35: 0 | EE35: 0 | EF35: 0 | EG35: 0 | EH35: 0 | EI35: 4 | EJ35: 1 | EK35: 1 | EL35: 0 | EM35: 0 | EN35: 0 | EO35: 0 | EP35: 0 | EQ35: 0 | ER35: 0 | ES35: 0 | ET35: 0 | EU35: 4 | EV35: 0 | EW35: 2 | EX35: 2 | EY35: 0 | EZ35: 0 | FA35: 2 | FB35: 4 | FC35: 0 | FD35: 1 | FE35: 0 | FF35: 3 | FG35: 0 | FH35: 0 | FI35: 0 | FJ35: 0 | FK35: 1 | FL35: 1 | FM35: 0 | FN35: 0 | FO35: 0 | FP35: 0 | FQ35: 2 | FR35: 1 | FS35: 0 | FT35: 0 | FU35: 2 | FV35: 0 | FW35: 3 | FX35: 0 | FY35: 0 | FZ35: 1 | GA35: 0 | GB35: 2 | GD35: 2 | GE35: 4 | GF35: 0 | GG35: 3 | GH35: 3 | GI35: 0 | GJ35: 0 | GK35: 1 | GL35: 0 | GM35: 0 | GN35: 2 | GO35: 2 | GP35: 0 | GQ35: 3 | GR35: 2 | GS35: 0 | GT35: 1 | GU35: 2 | GV35: 0 | GW35: 0 | GX35: 0 | GY35: 1 | GZ35: 0 | HA35: 0 | HB35: 0 | HC35: 0 | HD35: 0 | HE35: 0 | HF35: 2 | HG35: 0 | HH35: 2 | HI35: 2 | HJ35: 0 | HK35: 2 | HL35: 1 | HM35: 0 | HN35: 0 | HO35: 3 | HP35: 0 | HQ35: 0 | HR35: 4 | HS35: 4 | HT35: 0 | HU35: 0 | HV35: 2 | HW35: 0 | HX35: 0 | HY35: 0 | HZ35: 2 | IA35: 4 | IB35: 1 | IC35: 1 | ID35: 4 | IE35: 0 | IF35: 2 | IG35: 0 | IH35: 0 | II35: 0 | IJ35: 2 | IK35: 0 | IL35: 0 | IM35: 0 | IN35: 0 | IO35: 0 | IP35: 0 | IQ35: 1 | IS35: 2 | IT35: 4 | IU35: 0 | IV35: 2 | IW35: 2 | IX35: 0 | IY35: 0 | IZ35: marcada
A36: 36 | B36: Carlos cortés Granados | C36: Hombre | D36: one | E36: 18 | F36: 06-09-2005 | G36: 21-05-2024 | H36: 03:24 pm | I36: 1 | J36: 2 | K36: 1 | L36: 3 | M36: 2 | N36: 1 | O36: 1 | P36: 0 | Q36: 1 | R36: 0 | S36: 0 | T36: 0 | U36: 0 | V36: 0 | W36: 0 | X36: 0 | Y36: 1 | Z36: 0 | AA36: 1 | AB36: 0 | AC36: 1 | AD36: 0 | AE36: 0 | AF36: 0 | AG36: 0 | AH36: 0 | AI36: 2 | AJ36: 1 | AK36: 1 | AL36: 1 | AM36: 0 | AN36: 0 | AO36: 2 | AP36: 1 | AQ36: 0 | AR36: 0 | AS36: 0 | AT36: 0 | AU36: 0 | AV36: 0 | AW36: 0 | AX36: 0 | AY36: 0 | AZ36: 0 | BA36: 0 | BB36: 0 | BC36: 0 | BD36: 0 | BE36: 0 | BF36: 0 | BG36: 0 | BH36: 1 | BI36: 0 | BJ36: 2 | BK36: 0 | BL36: 0 | BN36: 1 | BO36: 0 | BP36: 0 | BQ36: 1 | BR36: 0 | BS36: 2 | BT36: 0 | BU36: 0 | BV36: 0 | BW36: 0 | BX36: 0 | BY36: 1 | BZ36: 1 | CA36: 0 | CB36: 2 | CC36: 0 | CD36: 0 | CE36: 0 | CF36: 0 | CG36: 1 | CH36: 2 | CI36: 2 | CJ36: 0 | CK36: 0 | CL36: 0 | CM36: 0 | CN36: 0 | CO36: 0 | CP36: 0 | CQ36: 0 | CR36: 0 | CS36: 0 | CT36: 0 | CU36: 1 | CV36: 2 | CW36: 0 | CX36: 0 | CY36: 0 | CZ36: 0 | DA36: 2 | DB36: 0 | DC36: 0 | DD36: 0 | DE36: 2 | DF36: 0 | DG36: 0 | DH36: 1 | DI36: 0 | DJ36: 0 | DK36: 0 | DL36: 0 | DM36: 0 | DN36: 0 | DO36: 0 | DP36: 0 | DQ36: 0 | DR36: 0 | DS36: 1 | DT36: 1 | DU36: 1 | DV36: 0 | DW36: 0 | DX36: 0 | DY36: 0 | DZ36: 0 | EA36: 0 | EB36: 0 | EC36: 0 | ED36: 0 | EE36: 0 | EF36: 0 | EG36: 0 | EH36: 0 | EI36: 0 | EJ36: 0 | EK36: 0 | EL36: 1 | EM36: 0 | EN36: 0 | EO36: 0 | EP36: 0 | EQ36: 0 | ER36: 0 | ES36: 0 | ET36: 0 | EU36: 0 | EV36: 0 | EW36: 0 | EX36: 1 | EY36: 0 | EZ36: 0 | FA36: 0 | FB36: 0 | FC36: 0 | FD36: 0 | FE36: 0 | FF36: 2 | FG36: 0 | FH36: 0 | FI36: 0 | FJ36: 0 | FK36: 0 | FL36: 0 | FM36: 0 | FN36: 0 | FO36: 0 | FP36: 0 | FQ36: 0 | FR36: 0 | FS36: 0 | FT36: 0 | FU36: 0 | FV36: 0 | FW36: 0 | FX36: 0 | FY36: 0 | FZ36: 0 | GA36: 0 | GB36: 0 | GD36: 1 | GE36: 0 | GF36: 0 | GG36: 0 | GH36: 1 | GI36: 0 | GJ36: 0 | GK36: 0 | GL36: 1 | GM36: 0 | GN36: 1 | GO36: 0 | GP36: 0 | GQ36: 0 | GR36: 0 | GS36: 1 | GT36: 0 | GU36: 1 | GV36: 0 | GW36: 0 | GX36: 0 | GY36: 0 | GZ36: 0 | HA36: 1 | HB36: 0 | HC36: 0 | HD36: 0 | HE36: 0 | HF36: 0 | HG36: 0 | HH36: 0 | HI36: 0 | HJ36: 0 | HK36: 0 | HL36: 0 | HM36: 0 | HN36: 0 | HO36: 0 | HP36: 0 | HQ36: 0 | HR36: 0 | HS36: 0 | HT36: 0 | HU36: 0 | HV36: 0 | HW36: 1 | HX36: 0 | HY36: 0 | HZ36: 0 | IA36: 0 | IB36: 0 | IC36: 0 | ID36: 0 | IE36: 0 | IF36: 0 | IG36: 0 | IH36: 0 | II36: 0 | IJ36: 1 | IK36: 0 | IL36: 0 | IM36: 0 | IN36: 0 | IO36: 0 | IP36: 0 | IQ36: 0 | IS36: 3 | IT36: 0 | IU36: 1 | IV36: 2 | IW36: 0 | IX36: 0 | IY36: 0 | IZ36: marcada
B37: Ana | C37: Femenino | D37: Soltero/a | E37: 25 | F37: 23-10-2024 | G37: 23-05-2024 | H37: 02:52 pm | I37: 3 | J37: 3 | K37: 1 | L37: 1 | M37: 3 | N37: 1 | O37: 1 | P37: 1 | Q37: 1 | R37: 1 | S37: 1 | T37: 1 | U37: 1 | V37: 3 | W37: 1 | X37: 3 | Y37: 1 | Z37: 1 | AA37: 3 | AB37: 1 | AC37: 1 | AD37: 1 | AE37: 3 | AF37: 1 | AG37: 1 | AH37: 3 | AI37: 1 | AJ37: 4 | AK37: 3 | AL37: 1 | AM37: 3 | AN37: 1 | AO37: 3 | AP37: 1 | AQ37: 3 | AR37: 3 | AS37: 1 | AT37: 1 | AU37: 1 | AV37: 1 | AW37: 1 | AX37: 1 | AY37: 1 | AZ37: 1 | BA37: 1 | BB37: 1 | BC37: 1 | BD37: 1 | BE37: 1 | BF37: 1 | BG37: 1 | BH37: 1 | BI37: 1 | BJ37: 3 | BK37: 1 | BL37: 1 | BN37: 0 | BO37: 0 | BP37: 1 | BQ37: 0 | BR37: 1 | BS37: 1 | BT37: 1 | BU37: 3 | BV37: 1 | BW37: 1 | BX37: 3 | BY37: 1 | BZ37: 1 | CA37: 3 | CB37: 1 | CC37: 1 | CD37: 1 | CE37: 3 | CF37: 1 | CG37: 3 | CH37: 3 | CI37: 3 | CJ37: 3 | CK37: 1 | CL37: 1 | CM37: 1 | CN37: 1 | CO37: 3 | CP37: 3 | CQ37: 3 | CR37: 1 | CS37: 3 | CT37: 3 | CU37: 3 | CV37: 3 | CW37: 3 | CX37: 3 | CY37: 3 | CZ37: 1 | DA37: 1 | DB37: 3 | DC37: 1 | DD37: 3 | DE37: 3 | DF37: 1 | DG37: 1 | DH37: 3 | DI37: 1 | DJ37: 3 | DK37: 1 | DL37: 1 | DM37: 0 | DN37: 2 | DO37: 1 | DP37: 1 | DQ37: 1 | DR37: 1 | DS37: 3 | DT37: 1 | DU37: 2 | DV37: 3 | DW37: 1 | DX37: 1 | DY37: 1 | DZ37: 1 | EA37: 3 | EB37: 1 | EC37: 3 | ED37: 1 | EE37: 3 | EF37: 1 | EG37: 1 | EH37: 3 | EI37: 1 | EJ37: 1 | EK37: 1 | EL37: 3 | EM37: 3 | EN37: 1 | EO37: 1 | EP37: 3 | EQ37: 1 | ER37: 3 | ES37: 1 | ET37: 3 | EU37: 1 | EV37: 3 | EW37: 1 | EX37: 3 | EY37: 1 | EZ37: 1 | FA37: 1 | FB37: 1 | FC37: 1 | FD37: 1 | FE37: 3 | FF37: 1 | FG37: 3 | FH37: 1 | FI37: 3 | FJ37: 1 | FK37: 3 | FL37: 1 | FM37: 3 | FN37: 1 | FO37: 3 | FP37: 1 | FQ37: 3 | FR37: 1 | FS37: 1 | FT37: 3 | FU37: 1 | FV37: 1 | FW37: 1 | FX37: 3 | FY37: 1 | FZ37: 3 | GA37: 1 | GB37: 3 | GD37: 1 | GE37: 1 | GF37: 1 | GG37: 2 | GH37: 1 | GI37: 1 | GJ37: 0 | GK37: 1 | GL37: 1 | GM37: 1 | GN37: 1 | GO37: 1 | GP37: 1 | GQ37: 3 | GR37: 1 | GS37: 3 | GT37: 1 | GU37: 3 | GV37: 1 | GW37: 3 | GX37: 1 | GY37: 3 | GZ37: 1 | HA37: 3 | HB37: 3 | HC37: 3 | HD37: 1 | HE37: 1 | HF37: 3 | HG37: 3 | HH37: 1 | HI37: 3 | HJ37: 3 | HK37: 3 | HL37: 3 | HM37: 3 | HN37: 3 | HO37: 3 | HP37: 3 | HQ37: 3 | HR37: 1 | HS37: 1 | HT37: 0 | HU37: 1 | HV37: 0 | HW37: 1 | HX37: 1 | HY37: 1 | HZ37: 1 | IA37: 0 | IB37: 1 | IC37: 1 | ID37: 3 | IE37: 1 | IF37: 3 | IG37: 3 | IH37: 3 | II37: 1 | IJ37: 1 | IK37: 1 | IL37: 3 | IM37: 1 | IN37: 3 | IO37: 1 | IP37: 3 | IQ37: 3 | IR37: X | IS37: 1 | IT37: 1 | IU37: 3 | IV37: 3 | IW37: 1 | IX37: 3 | IY37: 3 | IZ37: marcada
B38: Claudia Gabriela López López | C38: Mujer | D38: one | E38: 43 | F38: 04-08-1980 | G38: 29-05-2024 | H38: 05:40 pm | I38: 4 | J38: 4 | K38: 3 | L38: 3 | M38: 3 | N38: 4 | O38: 4 | P38: 2 | Q38: 4 | R38: 1 | S38: 0 | T38: 1 | U38: 0 | V38: 0 | W38: 2 | X38: 2 | Y38: 3 | Z38: 1 | AA38: 1 | AB38: 0 | AC38: 2 | AD38: 1 | AE38: 3 | AF38: 4 | AG38: 4 | AH38: 4 | AI38: 4 | AJ38: 4 | AK38: 3 | AL38: 3 | AM38: 4 | AN38: 1 | AO38: 4 | AP38: 1 | AQ38: 0 | AR38: 0 | AS38: 0 | AT38: 0 | AU38: 2 | AV38: 4 | AW38: 4 | AX38: 0 | AY38: 1 | AZ38: 3 | BA38: 1 | BB38: 3 | BC38: 2 | BD38: 1 | BE38: 4 | BF38: 4 | BG38: 4 | BH38: 4 | BI38: 3 | BJ38: 3 | BK38: 0 | BL38: 1 | BM38: Batallo para dormir, siempre estoy pensando en mi situación actual. | BN38: 3 | BO38: 0 | BP38: 3 | BQ38: 3 | BR38: 3 | BS38: 3 | BT38: 4 | BU38: 4 | BV38: 1 | BW38: 3 | BX38: 1 | BY38: 0 | BZ38: 0 | CA38: 0 | CB38: 2 | CC38: 1 | CD38: 0 | CE38: 1 | CF38: 0 | CG38: 0 | CH38: 0 | CI38: 3 | CJ38: 1 | CK38: 1 | CL38: 3 | CM38: 1 | CN38: 1 | CO38: 0 | CP38: 0 | CQ38: 3 | CR38: 1 | CS38: 2 | CT38: 1 | CU38: 0 | CV38: 0 | CW38: 0 | CX38: 0 | CY38: 0 | CZ38: 0 | DA38: 0 | DB38: 0 | DC38: 0 | DD38: 0 | DE38: 1 | DF38: 2 | DG38: 3 | DH38: 3 | DI38: 3 | DJ38: 0 | DK38: 1 | DL38: 3 | DM38: 3 | DN38: 3 | DO38: 0 | DP38: 0 | DQ38: 4 | DR38: 4 | DS38: 4 | DT38: 4 | DU38: 0 | DV38: 0 | DW38: 0 | DX38: 3 | DY38: 3 | DZ38: 3 | EA38: 0 | EB38: 3 | EC38: 3 | ED38: 4 | EE38: 4 | EF38: 4 | EG38: 0 | EH38: 0 | EI38: 3 | EJ38: 3 | EK38: 3 | EL38: 3 | EM38: 0 | EN38: 4 | EO38: 4 | EP38: 0 | EQ38: 0 | ER38: 1 | ES38: 1 | ET38: 0 | EU38: 0 | EV38: 3 | EW38: 3 | EX38: 1 | EY38: 3 | EZ38: 0 | FA38: 0 | FB38: 0 | FC38: 0 | FD38: 1 | FE38: 1 | FF38: 1 | FG38: 4 | FH38: 4 | FI38: 1 | FJ38: 0 | FK38: 3 | FL38: 3 | FM38: 3 | FN38: 4 | FO38: 0 | FP38: 0 | FQ38: 1 | FR38: 1 | FS38: 0 | FT38: 0 | FU38: 3 | FV38: 0 | FW38: 3 | FX38: 3 | FY38: 3 | FZ38: 1 | GA38: 0 | GB38: 2 | GC38: Que estoy preocupada la mayor parte del tiempo | GD38: 3 | GE38: 0 | GF38: 1 | GG38: 4 | GH38: 4 | GI38: 3 | GJ38: 3 | GK38: 3 | GL38: 0 | GM38: 0 | GN38: 4 | GO38: 0 | GP38: 0 | GQ38: 3 | GR38: 0 | GS38: 3 | GT38: 3 | GU38: 4 | GV38: 1 | GW38: 0 | GX38: 0 | GY38: 4 | GZ38: 0 | HA38: 1 | HB38: 3 | HC38: 3 | HD38: 0 | HE38: 2 | HF38: 1 | HG38: 2 | HH38: 3 | HI38: 4 | HJ38: 0 | HK38: 1 | HL38: 3 | HM38: 1 | HN38: 3 | HO38: 3 | HP38: 4 | HQ38: 3 | HR38: 1 | HS38: 2 | HT38: 0 | HU38: 0 | HV38: 0 | HW38: 4 | HX38: 0 | HY38: 0 | HZ38: 0 | IA38: 4 | IB38: 3 | IC38: 0 | ID38: 0 | IE38: 0 | IF38: 2 | IG38: 0 | IH38: 0 | II38: 3 | IJ38: 0 | IK38: 0 | IL38: 0 | IM38: 1 | IN38: 1 | IO38: 0 | IP38: 0 | IQ38: 3 | IR38: Las alturas me dan miedo | IS38: 3 | IT38: 3 | IU38: 4 | IV38: 4 | IW38: 0 | IX38: 0 | IY38: 0 | IZ38: marcada
B39: Jorge Paul Portillo Zamora | C39: Hombre | D39: one | E39: 31 | F39: 17-11-1992 | G39: 01-06-2024 | H39: 01:16 pm | I39: 0 | J39: 4 | K39: 3 | L39: 4 | M39: 4 | N39: 1 | O39: 1 | P39: 2 | Q39: 4 | R39: 0 | S39: 2 | T39: 0 | U39: 0 | V39: 0 | W39: 1 | X39: 1 | Y39: 2 | Z39: 2 | AA39: 1 | AB39: 1 | AC39: 2 | AD39: 1 | AE39: 4 | AF39: 2 | AG39: 0 | AH39: 0 | AI39: 2 | AJ39: 0 | AK39: 0 | AL39: 0 | AM39: 0 | AN39: 0 | AO39: 4 | AP39: 0 | AQ39: 2 | AR39: 0 | AS39: 0 | AT39: 0 | AU39: 1 | AV39: 0 | AW39: 0 | AX39: 0 | AY39: 0 | AZ39: 0 | BA39: 0 | BB39: 2 | BC39: 0 | BD39: 0 | BE39: 2 | BF39: 2 | BG39: 2 | BH39: 1 | BI39: 0 | BJ39: 2 | BK39: 2 | BL39: 0 | BM39: Cuando me dedico a onservar gente al azar | BN39: 1 | BO39: 2 | BP39: 2 | BQ39: 1 | BR39: 0 | BS39: 4 | BT39: 1 | BU39: 0 | BV39: 0 | BW39: 0 | BX39: 0 | BY39: 0 | BZ39: 0 | CA39: 0 | CB39: 3 | CC39: 1 | CD39: 0 | CE39: 0 | CF39: 0 | CG39: 0 | CH39: 1 | CI39: 0 | CJ39: 0 | CK39: 0 | CL39: 0 | CM39: 0 | CN39: 0 | CO39: 0 | CP39: 0 | CQ39: 0 | CR39: 0 | CS39: 0 | CT39: 0 | CU39: 0 | CV39: 0 | CW39: 0 | CX39: 0 | CY39: 0 | CZ39: 3 | DA39: 0 | DB39: 0 | DC39: 0 | DD39: 0 | DE39: 0 | DF39: 2 | DG39: 0 | DH39: 0 | DI39: 0 | DJ39: 0 | DK39: 0 | DL39: 0 | DM39: 0 | DN39: 0 | DO39: 0 | DP39: 1 | DQ39: 1 | DR39: 0 | DS39: 0 | DT39: 0 | DU39: 0 | DV39: 0 | DW39: 0 | DX39: 1 | DY39: 1 | DZ39: 0 | EA39: 0 | EB39: 0 | EC39: 0 | ED39: 0 | EE39: 0 | EF39: 0 | EG39: 0 | EH39: 0 | EI39: 0 | EJ39: 0 | EK39: 0 | EL39: 0 | EM39: 0 | EN39: 0 | EO39: 0 | EP39: 0 | EQ39: 2 | ER39: 0 | ES39: 0 | ET39: 1 | EU39: 0 | EV39: 0 | EW39: 0 | EX39: 0 | EY39: 0 | EZ39: 0 | FA39: 0 | FB39: 0 | FC39: 0 | FD39: 0 | FE39: 0 | FF39: 0 | FG39: 0 | FH39: 0 | FI39: 0 | FJ39: 0 | FK39: 0 | FL39: 0 | FM39: 0 | FN39: 0 | FO39: 0 | FP39: 0 | FQ39: 0 | FR39: 0 | FS39: 0 | FT39: 0 | FU39: 1 | FV39: 0 | FW39: 0 | FX39: 0 | FY39: 0 | FZ39: 0 | GA39: 0 | GB39: 0 | GC39: Al observar gente en la calle | GD39: 0 | GE39: 0 | GF39: 0 | GG39: 0 | GH39: 0 | GI39: 0 | GJ39: 0 | GK39: 0 | GL39: 0 | GM39: 0 | GN39: 3 | GO39: 3 | GP39: 0 | GQ39: 2 | GR39: 0 | GS39: 0 | GT39: 0 | GU39: 4 | GV39: 0 | GW39: 0 | GX39: 1 | GY39: 4 | GZ39: 0 | HA39: 3 | HB39: 0 | HC39: 4 | HD39: 0 | HE39: 4 | HF39: 0 | HG39: 0 | HH39: 0 | HI39: 0 | HJ39: 0 | HK39: 2 | HL39: 4 | HM39: 0 | HN39: 0 | HO39: 0 | HP39: 4 | HQ39: 0 | HR39: 0 | HS39: 0 | HT39: 0 | HU39: 0 | HV39: 0 | HW39: 4 | HX39: 0 | HY39: 0 | HZ39: 0 | IA39: 0 | IB39: 4 | IC39: 0 | ID39: 0 | IE39: 0 | IF39: 0 | IG39: 0 | IH39: 0 | II39: 4 | IJ39: 0 | IK39: 0 | IL39: 0 | IM39: 0 | IN39: 0 | IO39: 0 | IP39: 0 | IQ39: 0 | IR39: Cuando estoy pensando en como mi presente afecta mi futuro | IS39: 1 | IT39: 2 | IU39: 4 | IV39: 4 | IW39: 0 | IX39: 0 | IY39: 2 | IZ39: marcada
B40: Christian Arely Jacqueline Pérez Pérez | C40: Mujer | D40: Divorciado-a | E40: 36 | F40: 25-11-1987 | G40: 04-06-2024 | H40: 05:43 pm | I40: 3 | J40: 4 | K40: 1 | L40: 4 | M40: 2 | N40: 2 | O40: 2 | P40: 4 | Q40: 2 | R40: 1 | S40: 2 | T40: 2 | U40: 0 | V40: 0 | W40: 2 | X40: 2 | Y40: 3 | Z40: 2 | AA40: 2 | AB40: 1 | AC40: 1 | AD40: 0 | AE40: 3 | AF40: 2 | AG40: 4 | AH40: 4 | AI40: 2 | AJ40: 3 | AK40: 4 | AL40: 4 | AM40: 4 | AN40: 2 | AO40: 1 | AP40: 3 | AQ40: 0 | AR40: 3 | AS40: 3 | AT40: 3 | AU40: 2 | AV40: 2 | AW40: 3 | AX40: 4 | AY40: 4 | AZ40: 4 | BA40: 4 | BB40: 4 | BC40: 0 | BD40: 3 | BE40: 2 | BF40: 0 | BG40: 2 | BH40: 2 | BI40: 2 | BJ40: 2 | BK40: 0 | BL40: 0 | BM40: No poder solucionar los problemas que se me presentan | BN40: 3 | BO40: 0 | BP40: 2 | BQ40: 2 | BR40: 0 | BS40: 4 | BT40: 1 | BU40: 3 | BV40: 3 | BW40: 3 | BX40: 3 | BY40: 3 | BZ40: 3 | CA40: 4 | CB40: 4 | CC40: 4 | CD40: 4 | CE40: 4 | CF40: 4 | CG40: 4 | CH40: 4 | CI40: 4 | CJ40: 4 | CK40: 4 | CL40: 4 | CM40: 4 | CN40: 4 | CO40: 4 | CP40: 4 | CQ40: 4 | CR40: 4 | CS40: 4 | CT40: 4 | CU40: 4 | CV40: 4 | CW40: 2 | CX40: 2 | CY40: 2 | CZ40: 3 | DA40: 2 | DB40: 2 | DC40: 2 | DD40: 2 | DE40: 3 | DF40: 3 | DG40: 3 | DH40: 3 | DI40: 3 | DJ40: 4 | DK40: 4 | DL40: 4 | DM40: 4 | DN40: 4 | DO40: 4 | DP40: 4 | DQ40: 4 | DR40: 4 | DS40: 4 | DT40: 4 | DU40: 4 | DV40: 4 | DW40: 2 | DX40: 3 | DY40: 3 | DZ40: 3 | EA40: 3 | EB40: 3 | EC40: 3 | ED40: 3 | EE40: 3 | EF40: 3 | EG40: 3 | EH40: 3 | EI40: 4 | EJ40: 4 | EK40: 3 | EL40: 3 | EM40: 4 | EN40: 3 | EO40: 3 | EP40: 4 | EQ40: 4 | ER40: 4 | ES40: 2 | ET40: 2 | EU40: 2 | EV40: 2 | EW40: 3 | EX40: 3 | EY40: 3 | EZ40: 3 | FA40: 3 | FB40: 3 | FC40: 3 | FD40: 3 | FE40: 3 | FF40: 4 | FG40: 2 | FH40: 2 | FI40: 2 | FJ40: 2 | FK40: 2 | FL40: 2 | FM40: 4 | FN40: 2 | FO40: 4 | FP40: 2 | FQ40: 3 | FR40: 3 | FS40: 3 | FT40: 3 | FU40: 2 | FV40: 2 | FW40: 3 | FX40: 2 | FY40: 2 | FZ40: 2 | GA40: 3 | GB40: 2 | GC40: Migrañas seguidas | GD40: 4 | GE40: 2 | GF40: 2 | GG40: 3 | GH40: 4 | GI40: 2 | GJ40: 3 | GK40: 2 | GL40: 2 | GM40: 2 | GN40: 4 | GO40: 4 | GP40: 1 | GQ40: 4 | GR40: 1 | GS40: 4 | GT40: 4 | GU40: 0 | GV40: 1 | GW40: 0 | GX40: 3 | GY40: 0 | GZ40: 1 | HA40: 1 | HB40: 4 | HC40: 0 | HD40: 0 | HE40: 0 | HF40: 0 | HG40: 0 | HH40: 4 | HI40: 0 | HJ40: 0 | HK40: 2 | HL40: 0 | HM40: 0 | HN40: 0 | HO40: 4 | HP40: 0 | HQ40: 2 | HR40: 4 | HS40: 4 | HT40: 4 | HU40: 4 | HV40: 2 | HW40: 0 | HX40: 4 | HY40: 4 | HZ40: 2 | IA40: 4 | IB40: 4 | IC40: 3 | ID40: 3 | IE40: 0 | IF40: 4 | IG40: 0 | IH40: 0 | II40: 0 | IJ40: 2 | IK40: 0 | IL40: 2 | IM40: 4 | IN40: 0 | IO40: 4 | IP40: 4 | IQ40: 2 | IR40: Tartamudear cuando estoy nerviosa | IS40: 3 | IT40: 3 | IU40: 2 | IV40: 2 | IW40: 4 | IX40: 2 | IY40: 3 | IZ40: marcada
B41: Tania Margarita Cortés Sánchez | C41: Mujer | D41: Divorciado-a | E41: 37 | F41: 04-12-1986 | G41: 12-06-2024 | H41: 10:45 am | I41: 3 | J41: 2 | K41: 3 | L41: 3 | M41: 3 | N41: 4 | O41: 2 | P41: 2 | Q41: 2 | R41: 1 | S41: 1 | T41: 1 | U41: 0 | V41: 3 | W41: 3 | X41: 2 | Y41: 3 | Z41: 2 | AA41: 4 | AB41: 4 | AC41: 4 | AD41: 3 | AE41: 3 | AF41: 0 | AG41: 2 | AH41: 0 | AI41: 4 | AJ41: 3 | AK41: 3 | AL41: 2 | AM41: 1 | AN41: 0 | AO41: 3 | AP41: 1 | AQ41: 0 | AR41: 0 | AS41: 0 | AT41: 0 | AU41: 2 | AV41: 3 | AW41: 4 | AX41: 1 | AY41: 3 | AZ41: 4 | BA41: 1 | BB41: 3 | BC41: 1 | BD41: 3 | BE41: 2 | BF41: 3 | BG41: 3 | BH41: 3 | BI41: 2 | BJ41: 2 | BK41: 1 | BL41: 0 | BM41: Cuando tengo problemas familiares | BN41: 3 | BO41: 2 | BP41: 2 | BQ41: 3 | BR41: 3 | BS41: 3 | BT41: 2 | BU41: 1 | BV41: 2 | BW41: 3 | BX41: 0 | BY41: 2 | BZ41: 0 | CA41: 0 | CB41: 4 | CC41: 0 | CD41: 0 | CE41: 0 | CF41: 0 | CG41: 0 | CH41: 0 | CI41: 4 | CJ41: 0 | CK41: 0 | CL41: 3 | CM41: 2 | CN41: 0 | CO41: 1 | CP41: 0 | CQ41: 3 | CR41: 2 | CS41: 1 | CT41: 0 | CU41: 0 | CV41: 2 | CW41: 0 | CX41: 0 | CY41: 0 | CZ41: 0 | DA41: 0 | DB41: 0 | DC41: 0 | DD41: 0 | DE41: 4 | DF41: 2 | DG41: 3 | DH41: 3 | DI41: 1 | DJ41: 2 | DK41: 0 | DL41: 1 | DM41: 0 | DN41: 1 | DO41: 0 | DP41: 4 | DQ41: 2 | DR41: 0 | DS41: 2 | DT41: 0 | DU41: 1 | DV41: 0 | DW41: 0 | DX41: 3 | DY41: 2 | DZ41: 0 | EA41: 0 | EB41: 0 | EC41: 0 | ED41: 0 | EE41: 0 | EF41: 0 | EG41: 0 | EH41: 0 | EI41: 0 | EJ41: 2 | EK41: 3 | EL41: 0 | EM41: 0 | EN41: 0 | EO41: 0 | EP41: 3 | EQ41: 0 | ER41: 0 | ES41: 0 | ET41: 0 | EU41: 0 | EV41: 0 | EW41: 3 | EX41: 4 | EY41: 0 | EZ41: 0 | FA41: 0 | FB41: 0 | FC41: 0 | FD41: 0 | FE41: 0 | FF41: 3 | FG41: 0 | FH41: 0 | FI41: 0 | FJ41: 0 | FK41: 2 | FL41: 3 | FM41: 0 | FN41: 3 | FO41: 0 | FP41: 0 | FQ41: 3 | FR41: 0 | FS41: 0 | FT41: 0 | FU41: 4 | FV41: 0 | FW41: 0 | FX41: 0 | FY41: 0 | FZ41: 0 | GA41: 0 | GB41: 1 | GC41: Pensar en los problemas | GD41: 4 | GE41: 0 | GF41: 0 | GG41: 3 | GH41: 4 | GI41: 0 | GJ41: 0 | GK41: 1 | GL41: 0 | GM41: 0 | GN41: 4 | GO41: 1 | GP41: 1 | GQ41: 3 | GR41: 1 | GS41: 1 | GT41: 3 | GU41: 2 | GV41: 1 | GW41: 0 | GX41: 0 | GY41: 2 | GZ41: 1 | HA41: 0 | HB41: 1 | HC41: 0 | HD41: 0 | HE41: 0 | HF41: 0 | HG41: 0 | HH41: 4 | HI41: 1 | HJ41: 0 | HK41: 4 | HL41: 0 | HM41: 0 | HN41: 0 | HO41: 3 | HP41: 0 | HQ41: 0 | HR41: 0 | HS41: 0 | HT41: 0 | HU41: 0 | HV41: 2 | HW41: 1 | HX41: 0 | HY41: 0 | HZ41: 0 | IA41: 1 | IB41: 2 | IC41: 0 | ID41: 0 | IE41: 0 | IF41: 0 | IG41: 0 | IH41: 0 | II41: 0 | IJ41: 1 | IK41: 0 | IL41: 0 | IM41: 0 | IN41: 0 | IO41: 0 | IP41: 0 | IQ41: 0 | IR41: Discutir con alguien estar enojada | IS41: 2 | IT41: 3 | IU41: 2 | IV41: 2 | IW41: 0 | IX41: 0 | IY41: 0 | IZ41: marcada
B42: Daniela Sinahi Rodriguez Zurita | C42: Mujer | D42: Unión-Libre | E42: 30 | F42: 06-05-1994 | G42: 12-06-2024 | H42: 03:08 pm | I42: 3 | J42: 3 | K42: 3 | L42: 3 | M42: 3 | N42: 3 | O42: 2 | P42: 2 | Q42: 3 | R42: 2 | S42: 2 | T42: 1 | U42: 2 | V42: 0 | W42: 3 | X42: 3 | Y42: 3 | Z42: 3 | AA42: 2 | AB42: 2 | AC42: 3 | AD42: 2 | AE42: 4 | AF42: 0 | AG42: 0 | AH42: 0 | AI42: 0 | AJ42: 4 | AK42: 4 | AL42: 4 | AM42: 2 | AN42: 0 | AO42: 3 | AP42: 3 | AQ42: 0 | AR42: 4 | AS42: 4 | AT42: 3 | AU42: 4 | AV42: 4 | AW42: 2 | AX42: 2 | AY42: 2 | AZ42: 2 | BA42: 2 | BB42: 3 | BC42: 2 | BD42: 3 | BE42: 3 | BF42: 3 | BG42: 3 | BH42: 3 | BI42: 3 | BJ42: 2 | BK42: 3 | BL42: 1 | BN42: 4 | BO42: 3 | BP42: 3 | BQ42: 3 | BR42: 3 | BS42: 3 | BT42: 3 | BU42: 3 | BV42: 3 | BW42: 3 | BX42: 3 | BY42: 3 | BZ42: 0 | CA42: 3 | CB42: 2 | CC42: 3 | CD42: 1 | CE42: 1 | CF42: 1 | CG42: 1 | CH42: 0 | CI42: 2 | CJ42: 3 | CK42: 3 | CL42: 2 | CM42: 2 | CN42: 2 | CO42: 2 | CP42: 0 | CQ42: 2 | CR42: 0 | CS42: 0 | CT42: 0 | CU42: 0 | CV42: 0 | CW42: 1 | CX42: 0 | CY42: 0 | CZ42: 0 | DA42: 0 | DB42: 0 | DC42: 0 | DD42: 0 | DE42: 4 | DF42: 4 | DG42: 4 | DH42: 4 | DI42: 4 | DJ42: 4 | DK42: 0 | DL42: 3 | DM42: 3 | DN42: 3 | DO42: 0 | DP42: 3 | DQ42: 3 | DR42: 3 | DS42: 3 | DT42: 3 | DU42: 3 | DV42: 0 | DW42: 3 | DX42: 4 | DY42: 4 | DZ42: 4 | EA42: 4 | EB42: 4 | EC42: 0 | ED42: 0 | EE42: 0 | EF42: 0 | EG42: 0 | EH42: 0 | EI42: 4 | EJ42: 3 | EK42: 3 | EL42: 3 | EM42: 3 | EN42: 2 | EO42: 2 | EP42: 2 | EQ42: 0 | ER42: 0 | ES42: 0 | ET42: 0 | EU42: 4 | EV42: 4 | EW42: 4 | EX42: 4 | EY42: 4 | EZ42: 0 | FA42: 2 | FB42: 2 | FC42: 2 | FD42: 3 | FE42: 2 | FF42: 4 | FG42: 2 | FH42: 2 | FI42: 2 | FJ42: 2 | FK42: 2 | FL42: 2 | FM42: 2 | FN42: 3 | FO42: 0 | FP42: 2 | FQ42: 3 | FR42: 3 | FS42: 3 | FT42: 2 | FU42: 2 | FV42: 1 | FW42: 1 | FX42: 1 | FY42: 1 | FZ42: 1 | GA42: 0 | GB42: 1 | GD42: 2 | GE42: 2 | GF42: 2 | GG42: 2 | GH42: 2 | GI42: 2 | GJ42: 2 | GK42: 2 | GL42: 0 | GM42: 2 | GN42: 3 | GO42: 3 | GP42: 1 | GQ42: 3 | GR42: 1 | GS42: 0 | GT42: 3 | GU42: 1 | GV42: 1 | GW42: 0 | GX42: 0 | GY42: 0 | GZ42: 1 | HA42: 1 | HB42: 0 | HC42: 0 | HD42: 0 | HE42: 0 | HF42: 1 | HG42: 0 | HH42: 1 | HI42: 0 | HJ42: 1 | HK42: 1 | HL42: 2 | HM42: 1 | HN42: 0 | HO42: 4 | HP42: 0 | HQ42: 3 | HR42: 3 | HS42: 0 | HT42: 0 | HU42: 0 | HV42: 4 | HW42: 0 | HX42: 1 | HY42: 1 | HZ42: 1 | IA42: 4 | IB42: 0 | IC42: 1 | ID42: 1 | IE42: 0 | IF42: 1 | IG42: 0 | IH42: 0 | II42: 0 | IJ42: 2 | IK42: 1 | IL42: 2 | IM42: 0 | IN42: 0 | IO42: 2 | IP42: 1 | IQ42: 1 | IS42: 3 | IT42: 3 | IU42: 0 | IV42: 0 | IW42: 1 | IX42: 1 | IY42: 0 | IZ42: marcada
B43: Olvera González Ximena Guadalupe | C43: Mujer | D43: one | E43: 20 | F43: 12-05-2004 | G43: 13-06-2024 | H43: 03:58 pm | I43: 2 | J43: 2 | K43: 4 | L43: 3 | M43: 3 | N43: 3 | O43: 3 | P43: 1 | Q43: 2 | R43: 1 | S43: 0 | T43: 2 | U43: 0 | V43: 1 | W43: 0 | X43: 1 | Y43: 1 | Z43: 1 | AA43: 2 | AB43: 2 | AC43: 2 | AD43: 1 | AE43: 1 | AF43: 1 | AG43: 1 | AH43: 1 | AI43: 1 | AJ43: 2 | AK43: 2 | AL43: 2 | AM43: 1 | AN43: 1 | AO43: 2 | AP43: 1 | AQ43: 1 | AR43: 1 | AS43: 1 | AT43: 1 | AU43: 1 | AV43: 1 | AW43: 2 | AX43: 2 | AY43: 2 | AZ43: 3 | BA43: 2 | BB43: 4 | BC43: 1 | BD43: 2 | BE43: 2 | BF43: 1 | BG43: 1 | BH43: 1 | BI43: 2 | BJ43: 1 | BK43: 1 | BL43: 1 | BM43: Cuando estoy bajo demasiado estrés | BN43: 2 | BO43: 1 | BP43: 1 | BQ43: 2 | BR43: 2 | BS43: 2 | BT43: 1 | BU43: 2 | BV43: 2 | BW43: 3 | BX43: 2 | BY43: 3 | BZ43: 3 | CA43: 1 | CB43: 3 | CC43: 3 | CD43: 3 | CE43: 3 | CF43: 3 | CG43: 3 | CH43: 3 | CI43: 3 | CJ43: 3 | CK43: 3 | CL43: 3 | CM43: 3 | CN43: 3 | CO43: 3 | CP43: 3 | CQ43: 3 | CR43: 2 | CS43: 3 | CT43: 2 | CU43: 2 | CV43: 1 | CW43: 1 | CX43: 1 | CY43: 1 | CZ43: 2 | DA43: 2 | DB43: 2 | DC43: 2 | DD43: 2 | DE43: 4 | DF43: 3 | DG43: 3 | DH43: 4 | DI43: 4 | DJ43: 3 | DK43: 3 | DL43: 3 | DM43: 2 | DN43: 2 | DO43: 3 | DP43: 2 | DQ43: 2 | DR43: 2 | DS43: 3 | DT43: 2 | DU43: 2 | DV43: 2 | DW43: 2 | DX43: 1 | DY43: 2 | DZ43: 2 | EA43: 1 | EB43: 1 | EC43: 2 | ED43: 2 | EE43: 3 | EF43: 2 | EG43: 2 | EH43: 2 | EI43: 2 | EJ43: 2 | EK43: 3 | EL43: 2 | EM43: 1 | EN43: 2 | EO43: 1 | EP43: 1 | EQ43: 2 | ER43: 1 | ES43: 2 | ET43: 2 | EU43: 1 | EV43: 2 | EW43: 3 | EX43: 3 | EY43: 3 | EZ43: 2 | FA43: 1 | FB43: 1 | FC43: 1 | FD43: 1 | FE43: 2 | FF43: 2 | FG43: 1 | FH43: 1 | FI43: 1 | FJ43: 1 | FK43: 3 | FL43: 4 | FM43: 3 | FN43: 2 | FO43: 2 | FP43: 2 | FQ43: 2 | FR43: 3 | FS43: 2 | FT43: 2 | FU43: 3 | FV43: 2 | FW43: 3 | FX43: 3 | FY43: 2 | FZ43: 2 | GA43: 1 | GB43: 2 | GC43: Cuando estoy bajo demasiado estrés | GD43: 2 | GE43: 1 | GF43: 2 | GG43: 3 | GH43: 2 | GI43: 2 | GJ43: 2 | GK43: 2 | GL43: 2 | GM43: 2 | GN43: 3 | GO43: 2 | GP43: 1 | GQ43: 2 | GR43: 1 | GS43: 2 | GT43: 3 | GU43: 2 | GV43: 2 | GW43: 2 | GX43: 2 | GY43: 0 | GZ43: 1 | HA43: 1 | HB43: 2 | HC43: 1 | HD43: 1 | HE43: 0 | HF43: 0 | HG43: 0 | HH43: 0 | HI43: 0 | HJ43: 1 | HK43: 2 | HL43: 0 | HM43: 1 | HN43: 0 | HO43: 1 | HP43: 0 | HQ43: 1 | HR43: 2 | HS43: 0 | HT43: 0 | HU43: 1 | HV43: 2 | HW43: 1 | HX43: 1 | HY43: 2 | HZ43: 1 | IA43: 2 | IB43: 2 | IC43: 1 | ID43: 2 | IE43: 0 | IF43: 1 | IG43: 1 | IH43: 0 | II43: 0 | IJ43: 0 | IK43: 1 | IL43: 0 | IM43: 3 | IN43: 0 | IO43: 1 | IP43: 1 | IQ43: 1 | IR43: Cuando tengo demasiado estrés | IS43: 3 | IT43: 1 | IU43: 1 | IV43: 1 | IW43: 1 | IX43: 1 | IY43: 1 | IZ43: marcada
B44: Jessica mariel gallardo verdejo | C44: Mujer | D44: one | E44: 16 | F44: 03-04-2008 | G44: 19-06-2024 | H44: 02:41 pm | I44: 4 | J44: 3 | K44: 2 | L44: 1 | M44: 3 | N44: 2 | O44: 4 | P44: 3 | Q44: 2 | R44: 2 | S44: 2 | T44: 1 | U44: 1 | V44: 0 | W44: 3 | X44: 2 | Y44: 3 | Z44: 2 | AA44: 3 | AB44: 2 | AC44: 3 | AD44: 3 | AE44: 4 | AF44: 0 | AG44: 0 | AH44: 0 | AI44: 2 | AJ44: 0 | AK44: 0 | AL44: 1 | AM44: 0 | AN44: 1 | AO44: 4 | AP44: 2 | AQ44: 4 | AR44: 1 | AS44: 4 | AT44: 2 | AU44: 4 | AV44: 2 | AW44: 0 | AX44: 0 | AY44: 0 | AZ44: 0 | BA44: 0 | BB44: 0 | BC44: 0 | BD44: 1 | BE44: 2 | BF44: 3 | BG44: 3 | BH44: 3 | BI44: 1 | BJ44: 1 | BK44: 3 | BL44: 0 | BM44: Sobre pensar mucho las cosas | BN44: 2 | BO44: 3 | BP44: 3 | BQ44: 3 | BR44: 1 | BS44: 3 | BT44: 0 | BU44: 2 | BV44: 2 | BW44: 2 | BX44: 1 | BY44: 4 | BZ44: 1 | CA44: 0 | CB44: 4 | CC44: 0 | CD44: 2 | CE44: 1 | CF44: 3 | CG44: 0 | CH44: 0 | CI44: 3 | CJ44: 0 | CK44: 1 | CL44: 3 | CM44: 0 | CN44: 0 | CO44: 0 | CP44: 0 | CQ44: 3 | CR44: 3 | CS44: 3 | CT44: 0 | CU44: 0 | CV44: 2 | CW44: 2 | CX44: 0 | CY44: 0 | CZ44: 0 | DA44: 1 | DB44: 0 | DC44: 0 | DD44: 0 | DE44: 3 | DF44: 0 | DG44: 4 | DH44: 0 | DI44: 0 | DJ44: 0 | DK44: 0 | DL44: 3 | DM44: 0 | DN44: 1 | DO44: 0 | DP44: 3 | DQ44: 3 | DR44: 3 | DS44: 4 | DT44: 1 | DU44: 3 | DV44: 0 | DW44: 0 | DX44: 3 | DY44: 2 | DZ44: 0 | EA44: 2 | EB44: 0 | EC44: 0 | ED44: 1 | EE44: 0 | EF44: 0 | EG44: 0 | EH44: 0 | EI44: 0 | EJ44: 1 | EK44: 1 | EL44: 0 | EM44: 0 | EN44: 0 | EO44: 0 | EP44: 0 | EQ44: 1 | ER44: 0 | ES44: 0 | ET44: 0 | EU44: 0 | EV44: 1 | EW44: 3 | EX44: 2 | EY44: 0 | EZ44: 0 | FA44: 4 | FB44: 0 | FC44: 3 | FD44: 3 | FE44: 0 | FF44: 4 | FG44: 4 | FH44: 4 | FI44: 0 | FJ44: 0 | FK44: 0 | FL44: 0 | FM44: 0 | FN44: 1 | FO44: 0 | FP44: 0 | FQ44: 1 | FR44: 0 | FS44: 0 | FT44: 0 | FU44: 3 | FV44: 1 | FW44: 4 | FX44: 1 | FY44: 0 | FZ44: 3 | GA44: 0 | GB44: 2 | GC44: Siempre me duele el estómago cuando estoy fuera de mi casa | GD44: 3 | GE44: 0 | GF44: 2 | GG44: 3 | GH44: 2 | GI44: 0 | GJ44: 0 | GK44: 3 | GL44: 0 | GM44: 0 | GN44: 3 | GO44: 3 | GP44: 3 | GQ44: 3 | GR44: 3 | GS44: 2 | GT44: 3 | GU44: 3 | GV44: 3 | GW44: 3 | GX44: 0 | GY44: 4 | GZ44: 4 | HA44: 1 | HB44: 1 | HC44: 0 | HD44: 3 | HE44: 0 | HF44: 0 | HG44: 0 | HH44: 3 | HI44: 2 | HJ44: 0 | HK44: 3 | HL44: 3 | HM44: 1 | HN44: 0 | HO44: 3 | HP44: 4 | HQ44: 3 | HR44: 1 | HS44: 0 | HT44: 0 | HU44: 0 | HV44: 2 | HW44: 3 | HX44: 0 | HY44: 1 | HZ44: 1 | IA44: 3 | IB44: 4 | IC44: 2 | ID44: 3 | IE44: 0 | IF44: 3 | IG44: 1 | IH44: 1 | II44: 2 | IJ44: 2 | IK44: 2 | IL44: 1 | IM44: 0 | IN44: 0 | IO44: 0 | IP44: 0 | IQ44: 3 | IR44: A la hora de dormir mi cerebro piensa muchas cosas y doy vueltas por toda la cama hasta que me da sueño | IS44: 0 | IT44: 3 | IU44: 4 | IV44: 1 | IW44: 3 | IX44: 4 | IY44: 0 | IZ44: marcada
B45: Ivonne Guadalupe casas balderas | C45: Mujer | D45: Unión-Libre | E45: 22 | F45: 18-03-2002 | G45: 20-06-2024 | H45: 09:01 am | I45: 4 | J45: 4 | K45: 4 | L45: 2 | M45: 4 | N45: 4 | O45: 4 | P45: 2 | Q45: 4 | R45: 2 | S45: 2 | T45: 4 | U45: 2 | V45: 4 | W45: 2 | X45: 2 | Y45: 4 | Z45: 2 | AA45: 4 | AB45: 4 | AC45: 4 | AD45: 2 | AE45: 4 | AF45: 4 | AG45: 4 | AH45: 4 | AI45: 2 | AJ45: 4 | AK45: 4 | AL45: 2 | AM45: 4 | AN45: 2 | AO45: 4 | AP45: 2 | AQ45: 2 | AR45: 2 | AS45: 4 | AT45: 2 | AU45: 2 | AV45: 2 | AW45: 4 | AX45: 2 | AY45: 3 | AZ45: 4 | BA45: 2 | BB45: 2 | BC45: 2 | BD45: 1 | BE45: 3 | BF45: 2 | BG45: 2 | BH45: 4 | BI45: 2 | BJ45: 4 | BK45: 2 | BL45: 2 | BN45: 4 | BO45: 2 | BP45: 3 | BQ45: 4 | BR45: 2 | BS45: 4 | BT45: 2 | BU45: 4 | BV45: 2 | BW45: 3 | BX45: 3 | BY45: 0 | BZ45: 2 | CA45: 2 | CB45: 2 | CC45: 2 | CD45: 3 | CE45: 2 | CF45: 3 | CG45: 2 | CH45: 2 | CI45: 2 | CJ45: 2 | CK45: 3 | CL45: 2 | CM45: 2 | CN45: 2 | CO45: 0 | CP45: 2 | CQ45: 4 | CR45: 2 | CS45: 2 | CT45: 2 | CU45: 2 | CV45: 2 | CW45: 3 | CX45: 2 | CY45: 2 | CZ45: 3 | DA45: 2 | DB45: 2 | DC45: 0 | DD45: 2 | DE45: 2 | DF45: 3 | DG45: 4 | DH45: 2 | DI45: 2 | DJ45: 0 | DK45: 2 | DL45: 3 | DM45: 2 | DN45: 0 | DO45: 2 | DP45: 2 | DQ45: 3 | DR45: 2 | DS45: 0 | DT45: 0 | DU45: 0 | DV45: 2 | DW45: 2 | DX45: 2 | DY45: 3 | DZ45: 2 | EA45: 2 | EB45: 0 | EC45: 0 | ED45: 0 | EE45: 0 | EF45: 0 | EG45: 0 | EH45: 0 | EI45: 2 | EJ45: 2 | EK45: 2 | EL45: 2 | EM45: 0 | EN45: 2 | EO45: 0 | EP45: 0 | EQ45: 2 | ER45: 0 | ES45: 0 | ET45: 0 | EU45: 2 | EV45: 2 | EW45: 3 | EX45: 3 | EY45: 0 | EZ45: 0 | FA45: 0 | FB45: 2 | FC45: 2 | FD45: 0 | FE45: 2 | FF45: 2 | FG45: 2 | FH45: 2 | FI45: 0 | FJ45: 0 | FK45: 2 | FL45: 0 | FM45: 0 | FN45: 2 | FO45: 2 | FP45: 2 | FQ45: 2 | FR45: 2 | FS45: 1 | FT45: 0 | FU45: 2 | FV45: 2 | FW45: 3 | FX45: 0 | FY45: 0 | FZ45: 0 | GA45: 0 | GB45: 3 | GD45: 0 | GE45: 2 | GF45: 2 | GG45: 3 | GH45: 3 | GI45: 0 | GJ45: 0 | GK45: 0 | GL45: 0 | GM45: 2 | GN45: 4 | GO45: 4 | GP45: 4 | GQ45: 4 | GR45: 4 | GS45: 4 | GT45: 4 | GU45: 4 | GV45: 4 | GW45: 4 | GX45: 4 | GY45: 4 | GZ45: 4 | HA45: 4 | HB45: 4 | HC45: 4 | HD45: 4 | HE45: 4 | HF45: 2 | HG45: 4 | HH45: 4 | HI45: 4 | HJ45: 4 | HK45: 4 | HL45: 4 | HM45: 4 | HN45: 4 | HO45: 4 | HP45: 4 | HQ45: 4 | HR45: 4 | HS45: 2 | HT45: 4 | HU45: 4 | HV45: 4 | HW45: 4 | HX45: 4 | HY45: 4 | HZ45: 2 | IA45: 4 | IB45: 4 | IC45: 4 | ID45: 4 | IE45: 4 | IF45: 4 | IG45: 4 | IH45: 0 | II45: 4 | IJ45: 2 | IK45: 4 | IL45: 4 | IM45: 4 | IN45: 4 | IO45: 4 | IP45: 4 | IQ45: 4 | IS45: 4 | IT45: 4 | IU45: 4 | IV45: 2 | IW45: 4 | IX45: 4 | IY45: 4 | IZ45: marcada
B46: Miguel Robles | C46: Hombre | D46: two | E46: 41 | F46: 13-04-1983 | G46: 22-04-2024 | H46: 04:47 am | I46: 3 | J46: 2 | K46: 2 | L46: 1 | M46: 3 | N46: 3 | O46: 2 | P46: 0 | Q46: 0 | R46: 0 | S46: 0 | T46: 0 | U46: 0 | V46: 0 | W46: 0 | X46: 0 | Y46: 1 | Z46: 0 | AA46: 0 | AB46: 0 | AC46: 0 | AD46: 0 | AE46: 0 | AF46: 0 | AG46: 0 | AH46: 0 | AI46: 2 | AJ46: 2 | AK46: 2 | AL46: 0 | AM46: 0 | AN46: 0 | AO46: 2 | AP46: 0 | AQ46: 0 | AR46: 0 | AS46: 0 | AT46: 0 | AU46: 0 | AV46: 1 | AW46: 0 | AX46: 0 | AY46: 0 | AZ46: 0 | BA46: 0 | BB46: 2 | BC46: 0 | BD46: 2 | BE46: 1 | BF46: 0 | BG46: 0 | BH46: 2 | BI46: 0 | BJ46: 0 | BK46: 0 | BL46: 0 | BM46: Tengo problemas de insomnio | BN46: 4 | BO46: 0 | BP46: 0 | BQ46: 1 | BR46: 0 | BS46: 2 | BT46: 0 | BU46: 0 | BV46: 0 | BW46: 1 | BX46: 0 | BY46: 0 | BZ46: 1 | CA46: 0 | CB46: 3 | CC46: 0 | CD46: 0 | CE46: 0 | CF46: 0 | CG46: 0 | CH46: 1 | CI46: 1 | CJ46: 0 | CK46: 0 | CL46: 1 | CM46: 0 | CN46: 0 | CO46: 0 | CP46: 1 | CQ46: 0 | CR46: 0 | CS46: 0 | CT46: 0 | CU46: 0 | CV46: 0 | CW46: 0 | CX46: 0 | CY46: 0 | CZ46: 1 | DA46: 3 | DB46: 0 | DC46: 0 | DD46: 0 | DE46: 2 | DF46: 2 | DG46: 4 | DH46: 1 | DI46: 0 | DJ46: 0 | DK46: 1 | DL46: 1 | DM46: 0 | DN46: 0 | DO46: 0 | DP46: 0 | DQ46: 0 | DR46: 0 | DS46: 0 | DT46: 0 | DU46: 0 | DV46: 0 | DW46: 0 | DX46: 0 | DY46: 0 | DZ46: 0 | EA46: 0 | EB46: 0 | EC46: 0 | ED46: 0 | EE46: 0 | EF46: 0 | EG46: 0 | EH46: 0 | EI46: 0 | EJ46: 0 | EK46: 1 | EL46: 0 | EM46: 0 | EN46: 0 | EO46: 0 | EP46: 0 | EQ46: 1 | ER46: 0 | ES46: 0 | ET46: 0 | EU46: 1 | EV46: 1 | EW46: 0 | EX46: 1 | EY46: 0 | EZ46: 1 | FA46: 0 | FB46: 0 | FC46: 0 | FD46: 0 | FE46: 0 | FF46: 2 | FG46: 0 | FH46: 0 | FI46: 0 | FJ46: 0 | FK46: 0 | FL46: 0 | FM46: 0 | FN46: 0 | FO46: 0 | FP46: 0 | FQ46: 1 | FR46: 1 | FS46: 0 | FT46: 0 | FU46: 0 | FV46: 0 | FW46: 0 | FX46: 0 | FY46: 0 | FZ46: 0 | GA46: 0 | GB46: 0 | GC46: Cuando existe un cambio de Olán por mala organización | GD46: 3 | GE46: 0 | GF46: 0 | GG46: 1 | GH46: 0 | GI46: 0 | GJ46: 0 | GK46: 0 | GL46: 0 | GM46: 0 | GN46: 0 | GO46: 0 | GP46: 0 | GQ46: 0 | GR46: 0 | GS46: 0 | GT46: 0 | GU46: 1 | GV46: 0 | GW46: 0 | GX46: 0 | GY46: 1 | GZ46: 0 | HA46: 0 | HB46: 0 | HC46: 0 | HD46: 0 | HE46: 0 | HF46: 0 | HG46: 0 | HH46: 0 | HI46: 1 | HJ46: 0 | HK46: 0 | HL46: 1 | HM46: 0 | HN46: 1 | HO46: 1 | HP46: 1 | HQ46: 0 | HR46: 0 | HS46: 0 | HT46: 0 | HU46: 0 | HV46: 0 | HW46: 1 | HX46: 0 | HY46: 0 | HZ46: 0 | IA46: 0 | IB46: 1 | IC46: 0 | ID46: 0 | IE46: 1 | IF46: 0 | IG46: 0 | IH46: 0 | II46: 1 | IJ46: 0 | IK46: 0 | IL46: 0 | IM46: 0 | IN46: 0 | IO46: 0 | IP46: 0 | IQ46: 0 | IR46: Cuando pienso en mi papá | IS46: 4 | IT46: 1 | IU46: 1 | IV46: 0 | IW46: 1 | IX46: 0 | IY46: 0 | IZ46: marcada
B47: Ana Patricia Lomas Regalado | C47: Mujer | D47: Unión-Libre | E47: 41 | F47: 22-01-1983 | G47: 25-06-2024 | H47: 09:24 pm | I47: 4 | J47: 2 | K47: 2 | L47: 0 | M47: 0 | N47: 2 | O47: 2 | P47: 2 | Q47: 0 | R47: 1 | S47: 0 | T47: 0 | U47: 0 | V47: 4 | W47: 2 | X47: 2 | Y47: 0 | Z47: 0 | AA47: 0 | AB47: 0 | AC47: 0 | AD47: 0 | AE47: 2 | AF47: 1 | AG47: 1 | AH47: 1 | AI47: 0 | AJ47: 1 | AK47: 1 | AL47: 1 | AM47: 0 | AN47: 4 | AO47: 1 | AP47: 0 | AQ47: 0 | AR47: 1 | AS47: 2 | AT47: 0 | AU47: 1 | AV47: 0 | AW47: 4 | AX47: 2 | AY47: 2 | AZ47: 2 | BA47: 0 | BB47: 4 | BC47: 0 | BD47: 0 | BE47: 4 | BF47: 0 | BG47: 0 | BH47: 4 | BI47: 2 | BJ47: 2 | BK47: 1 | BL47: 0 | BM47: Cuando mi hija mayor esta fuera de la casa ,, no nos contesta el celular o no nos quiere decir dónde se encuentra ² | BN47: 4 | BO47: 2 | BP47: 2 | BQ47: 4 | BR47: 4 | BS47: 4 | BT47: 4 | BU47: 2 | BV47: 0 | BW47: 0 | BX47: 0 | BY47: 0 | BZ47: 0 | CA47: 0 | CB47: 2 | CC47: 4 | CD47: 4 | CE47: 2 | CF47: 2 | CG47: 1 | CH47: 0 | CI47: 1 | CJ47: 1 | CK47: 0 | CL47: 0 | CM47: 2 | CN47: 0 | CO47: 0 | CP47: 0 | CQ47: 0 | CR47: 0 | CS47: 2 | CT47: 2 | CU47: 0 | CV47: 0 | CW47: 0 | CX47: 0 | CY47: 0 | CZ47: 0 | DA47: 4 | DB47: 0 | DC47: 0 | DD47: 0 | DE47: 4 | DF47: 4 | DG47: 4 | DH47: 4 | DI47: 4 | DJ47: 4 | DK47: 4 | DL47: 0 | DM47: 0 | DN47: 0 | DO47: 0 | DP47: 0 | DQ47: 2 | DR47: 0 | DS47: 1 | DT47: 0 | DU47: 0 | DV47: 0 | DW47: 0 | DX47: 2 | DY47: 2 | DZ47: 0 | EA47: 0 | EB47: 4 | EC47: 4 | ED47: 0 | EE47: 2 | EF47: 0 | EG47: 1 | EH47: 0 | EI47: 1 | EJ47: 1 | EK47: 1 | EL47: 0 | EM47: 0 | EN47: 0 | EO47: 0 | EP47: 0 | EQ47: 2 | ER47: 0 | ES47: 0 | ET47: 0 | EU47: 2 | EV47: 0 | EW47: 0 | EX47: 2 | EY47: 0 | EZ47: 0 | FA47: 0 | FB47: 2 | FC47: 2 | FD47: 2 | FE47: 0 | FF47: 0 | FG47: 2 | FH47: 0 | FI47: 0 | FJ47: 0 | FK47: 4 | FL47: 4 | FM47: 0 | FN47: 0 | FO47: 0 | FP47: 0 | FQ47: 2 | FR47: 4 | FS47: 0 | FT47: 0 | FU47: 2 | FV47: 2 | FW47: 2 | FX47: 2 | FY47: 0 | FZ47: 0 | GA47: 0 | GB47: 2 | GC47: Las horas de llegada de los integrantes de la familia | GD47: 3 | GE47: 3 | GF47: 3 | GG47: 3 | GH47: 3 | GI47: 3 | GJ47: 3 | GK47: 3 | GL47: 3 | GM47: 1 | GN47: 2 | GO47: 2 | GP47: 2 | GQ47: 2 | GR47: 2 | GS47: 0 | GT47: 0 | GU47: 4 | GV47: 2 | GW47: 0 | GX47: 0 | GY47: 4 | GZ47: 0 | HA47: 0 | HB47: 0 | HC47: 2 | HD47: 0 | HE47: 0 | HF47: 0 | HG47: 0 | HH47: 4 | HI47: 4 | HJ47: 2 | HK47: 2 | HL47: 0 | HM47: 0 | HN47: 0 | HO47: 4 | HP47: 4 | HQ47: 2 | HR47: 0 | HS47: 0 | HT47: 0 | HU47: 0 | HV47: 0 | HW47: 4 | HX47: 0 | HY47: 2 | HZ47: 4 | IA47: 4 | IB47: 4 | IC47: 0 | ID47: 0 | IE47: 2 | IF47: 0 | IG47: 0 | IH47: 0 | II47: 4 | IJ47: 0 | IK47: 0 | IL47: 0 | IM47: 2 | IN47: 4 | IO47: 2 | IP47: 0 | IQ47: 0 | IR47: Problemas entre los integrantes de la casa | IS47: 1 | IT47: 4 | IU47: 4 | IV47: 0 | IW47: 0 | IX47: 0 | IY47: 2 | IZ47: marcada
B48: Javier García Aranda | C48: Hombre | D48: Unión-Libre | E48: 53 | F48: 23-01-2024 | G48: 25-06-2024 | H48: 09:26 pm | I48: 1 | J48: 0 | K48: 3 | L48: 1 | M48: 0 | N48: 0 | O48: 0 | P48: 0 | Q48: 0 | R48: 0 | S48: 0 | T48: 0 | U48: 0 | V48: 0 | W48: 0 | X48: 0 | Y48: 0 | Z48: 0 | AA48: 0 | AB48: 0 | AC48: 0 | AD48: 0 | AE48: 0 | AF48: 0 | AG48: 0 | AH48: 0 | AI48: 1 | AJ48: 1 | AK48: 1 | AL48: 0 | AM48: 0 | AN48: 0 | AO48: 0 | AP48: 0 | AQ48: 0 | AR48: 0 | AS48: 0 | AT48: 0 | AU48: 0 | AV48: 0 | AW48: 0 | AX48: 0 | AY48: 0 | AZ48: 1 | BA48: 0 | BB48: 0 | BC48: 0 | BD48: 0 | BE48: 0 | BF48: 0 | BG48: 0 | BH48: 0 | BI48: 0 | BJ48: 0 | BK48: 0 | BL48: 0 | BN48: 0 | BO48: 0 | BP48: 0 | BQ48: 0 | BR48: 0 | BS48: 0 | BT48: 0 | BU48: 0 | BV48: 0 | BW48: 0 | BX48: 0 | BY48: 0 | BZ48: 0 | CA48: 0 | CB48: 0 | CC48: 2 | CD48: 2 | CE48: 0 | CF48: 2 | CG48: 0 | CH48: 0 | CI48: 0 | CJ48: 0 | CK48: 0 | CL48: 0 | CM48: 0 | CN48: 0 | CO48: 0 | CP48: 0 | CQ48: 0 | CR48: 0 | CS48: 0 | CT48: 0 | CU48: 0 | CV48: 0 | CW48: 0 | CX48: 0 | CY48: 0 | CZ48: 2 | DA48: 2 | DB48: 1 | DC48: 0 | DD48: 0 | DE48: 0 | DF48: 0 | DG48: 0 | DH48: 2 | DI48: 2 | DJ48: 0 | DK48: 0 | DL48: 1 | DM48: 0 | DN48: 0 | DO48: 0 | DP48: 0 | DQ48: 0 | DR48: 0 | DS48: 0 | DT48: 0 | DU48: 0 | DV48: 0 | DW48: 0 | DX48: 1 | DY48: 0 | DZ48: 0 | EA48: 0 | EB48: 0 | EC48: 0 | ED48: 0 | EE48: 0 | EF48: 0 | EG48: 0 | EH48: 0 | EI48: 2 | EJ48: 1 | EK48: 0 | EL48: 0 | EM48: 0 | EN48: 0 | EO48: 0 | EP48: 0 | EQ48: 0 | ER48: 0 | ES48: 0 | ET48: 0 | EU48: 0 | EV48: 0 | EW48: 0 | EX48: 0 | EY48: 0 | EZ48: 0 | FA48: 0 | FB48: 0 | FC48: 0 | FD48: 0 | FE48: 0 | FF48: 0 | FG48: 0 | FH48: 0 | FI48: 0 | FJ48: 0 | FK48: 0 | FL48: 0 | FM48: 0 | FN48: 0 | FO48: 0 | FP48: 0 | FQ48: 1 | FR48: 0 | FS48: 0 | FT48: 0 | FU48: 0 | FV48: 0 | FW48: 0 | FX48: 0 | FY48: 0 | FZ48: 0 | GA48: 0 | GB48: 0 | GD48: 0 | GE48: 0 | GF48: 0 | GG48: 0 | GH48: 0 | GI48: 0 | GJ48: 0 | GK48: 0 | GL48: 0 | GM48: 0 | GN48: 0 | GO48: 0 | GP48: 0 | GQ48: 0 | GR48: 0 | GS48: 0 | GT48: 0 | GU48: 0 | GV48: 0 | GW48: 0 | GX48: 0 | GY48: 0 | GZ48: 0 | HA48: 0 | HB48: 0 | HC48: 0 | HD48: 0 | HE48: 0 | HF48: 0 | HG48: 0 | HH48: 0 | HI48: 0 | HJ48: 0 | HK48: 0 | HL48: 0 | HM48: 0 | HN48: 0 | HO48: 0 | HP48: 0 | HQ48: 0 | HR48: 0 | HS48: 0 | HT48: 0 | HU48: 0 | HV48: 0 | HW48: 0 | HX48: 0 | HY48: 0 | HZ48: 0 | IA48: 0 | IB48: 0 | IC48: 0 | ID48: 0 | IE48: 0 | IF48: 0 | IG48: 0 | IH48: 0 | II48: 0 | IJ48: 0 | IK48: 0 | IL48: 0 | IM48: 0 | IN48: 0 | IO48: 0 | IP48: 0 | IQ48: 0 | IS48: 2 | IT48: 0 | IU48: 0 | IV48: 0 | IW48: 0 | IX48: 0 | IY48: 0 | IZ48: marcada
B49: itzel vanessa martinez ruiz | C49: Mujer | D49: one | E49: 20 | F49: 23-04-2004 | G49: 26-06-2024 | H49: 05:52 pm | I49: 3 | J49: 4 | K49: 3 | L49: 2 | M49: 3 | N49: 1 | O49: 3 | P49: 2 | Q49: 0 | R49: 1 | S49: 0 | T49: 0 | U49: 0 | V49: 0 | W49: 0 | X49: 0 | Y49: 0 | Z49: 0 | AA49: 3 | AB49: 3 | AC49: 3 | AD49: 2 | AE49: 1 | AF49: 1 | AG49: 3 | AH49: 1 | AI49: 2 | AJ49: 2 | AK49: 2 | AL49: 2 | AM49: 3 | AN49: 0 | AO49: 1 | AP49: 2 | AQ49: 2 | AR49: 2 | AS49: 2 | AT49: 2 | AU49: 3 | AV49: 2 | AW49: 1 | AX49: 1 | AY49: 2 | AZ49: 3 | BA49: 1 | BB49: 3 | BC49: 0 | BD49: 3 | BE49: 3 | BF49: 2 | BG49: 3 | BH49: 2 | BI49: 2 | BJ49: 3 | BK49: 1 | BL49: 0 | BM49: cuando voy a exponer me pongo muy nerviosa y se me olvidan las cosas o cuando estoy con personas me dan nervios y no me concentro tanto | BN49: 3 | BO49: 1 | BP49: 1 | BQ49: 1 | BR49: 2 | BS49: 4 | BT49: 0 | BU49: 4 | BV49: 2 | BW49: 3 | BX49: 0 | BY49: 0 | BZ49: 1 | CA49: 0 | CB49: 0 | CC49: 0 | CD49: 2 | CE49: 2 | CF49: 2 | CG49: 0 | CH49: 2 | CI49: 0 | CJ49: 0 | CK49: 0 | CL49: 2 | CM49: 0 | CN49: 0 | CO49: 0 | CP49: 0 | CQ49: 3 | CR49: 2 | CS49: 3 | CT49: 0 | CU49: 2 | CV49: 0 | CW49: 0 | CX49: 0 | CY49: 0 | CZ49: 0 | DA49: 0 | DB49: 0 | DC49: 0 | DD49: 0 | DE49: 0 | DF49: 0 | DG49: 2 | DH49: 0 | DI49: 0 | DJ49: 0 | DK49: 0 | DL49: 2 | DM49: 0 | DN49: 0 | DO49: 0 | DP49: 2 | DQ49: 2 | DR49: 1 | DS49: 1 | DT49: 2 | DU49: 0 | DV49: 0 | DW49: 0 | DX49: 1 | DY49: 0 | DZ49: 0 | EA49: 0 | EB49: 0 | EC49: 1 | ED49: 1 | EE49: 1 | EF49: 1 | EG49: 0 | EH49: 0 | EI49: 0 | EJ49: 3 | EK49: 3 | EL49: 1 | EM49: 0 | EN49: 2 | EO49: 0 | EP49: 1 | EQ49: 0 | ER49: 0 | ES49: 0 | ET49: 0 | EU49: 0 | EV49: 1 | EW49: 2 | EX49: 2 | EY49: 0 | EZ49: 0 | FA49: 0 | FB49: 1 | FC49: 2 | FD49: 2 | FE49: 0 | FF49: 1 | FG49: 2 | FH49: 2 | FI49: 0 | FJ49: 0 | FK49: 2 | FL49: 2 | FM49: 1 | FN49: 1 | FO49: 1 | FP49: 1 | FQ49: 1 | FR49: 1 | FS49: 0 | FT49: 0 | FU49: 0 | FV49: 2 | FW49: 2 | FX49: 0 | FY49: 0 | FZ49: 0 | GA49: 0 | GB49: 2 | GC49: a veces cuando es horas de dormir siento una desesperacion en el estomago , siento como un hueco, un vacio | GD49: 1 | GE49: 0 | GF49: 0 | GG49: 2 | GH49: 2 | GI49: 0 | GJ49: 0 | GK49: 0 | GL49: 1 | GM49: 0 | GN49: 2 | GO49: 2 | GP49: 2 | GQ49: 3 | GR49: 2 | GS49: 2 | GT49: 3 | GU49: 1 | GV49: 2 | GW49: 0 | GX49: 1 | GY49: 0 | GZ49: 3 | HA49: 4 | HB49: 2 | HC49: 0 | HD49: 0 | HE49: 0 | HF49: 0 | HG49: 0 | HH49: 0 | HI49: 0 | HJ49: 0 | HK49: 1 | HL49: 0 | HM49: 0 | HN49: 0 | HO49: 2 | HP49: 0 | HQ49: 2 | HR49: 2 | HS49: 1 | HT49: 0 | HU49: 0 | HV49: 2 | HW49: 0 | HX49: 0 | HY49: 3 | HZ49: 0 | IA49: 2 | IB49: 0 | IC49: 0 | ID49: 2 | IE49: 0 | IF49: 0 | IG49: 1 | IH49: 0 | II49: 0 | IJ49: 1 | IK49: 1 | IL49: 3 | IM49: 1 | IN49: 0 | IO49: 0 | IP49: 3 | IQ49: 3 | IS49: 1 | IT49: 3 | IU49: 0 | IV49: 2 | IW49: 1 | IX49: 0 | IY49: 3 | IZ49: marcada
B50: Daniela Mitzare Martinez Obregón | C50: Mujer | D50: one | E50: 16 | F50: 27-11-2007 | G50: 29-06-2024 | H50: 03:32 pm | I50: 2 | J50: 3 | K50: 2 | L50: 3 | M50: 4 | N50: 3 | O50: 3 | P50: 4 | Q50: 4 | R50: 4 | S50: 3 | T50: 3 | U50: 4 | V50: 1 | W50: 3 | X50: 4 | Y50: 4 | Z50: 3 | AA50: 4 | AB50: 4 | AC50: 4 | AD50: 3 | AE50: 4 | AF50: 0 | AG50: 0 | AH50: 0 | AI50: 4 | AJ50: 4 | AK50: 3 | AL50: 3 | AM50: 3 | AN50: 1 | AO50: 3 | AP50: 3 | AQ50: 2 | AR50: 3 | AS50: 2 | AT50: 2 | AU50: 2 | AV50: 2 | AW50: 2 | AX50: 4 | AY50: 4 | AZ50: 4 | BA50: 4 | BB50: 3 | BC50: 3 | BD50: 3 | BE50: 3 | BF50: 2 | BG50: 3 | BH50: 3 | BI50: 3 | BJ50: 4 | BK50: 3 | BL50: 3 | BN50: 4 | BO50: 4 | BP50: 3 | BQ50: 3 | BR50: 3 | BS50: 3 | BT50: 3 | BU50: 3 | BV50: 3 | BW50: 3 | BX50: 3 | BY50: 3 | BZ50: 4 | CA50: 4 | CB50: 4 | CC50: 4 | CD50: 4 | CE50: 2 | CF50: 4 | CG50: 4 | CH50: 4 | CI50: 2 | CJ50: 2 | CK50: 4 | CL50: 4 | CM50: 2 | CN50: 2 | CO50: 2 | CP50: 2 | CQ50: 2 | CR50: 3 | CS50: 2 | CT50: 2 | CU50: 3 | CV50: 2 | CW50: 3 | CX50: 3 | CY50: 4 | CZ50: 4 | DA50: 4 | DB50: 2 | DC50: 4 | DD50: 4 | DE50: 2 | DF50: 4 | DG50: 2 | DH50: 4 | DI50: 2 | DJ50: 4 | DK50: 4 | DL50: 4 | DM50: 3 | DN50: 4 | DO50: 3 | DP50: 3 | DQ50: 3 | DR50: 3 | DS50: 4 | DT50: 4 | DU50: 3 | DV50: 2 | DW50: 2 | DX50: 2 | DY50: 3 | DZ50: 2 | EA50: 3 | EB50: 4 | EC50: 4 | ED50: 4 | EE50: 4 | EF50: 4 | EG50: 3 | EH50: 2 | EI50: 3 | EJ50: 2 | EK50: 3 | EL50: 4 | EM50: 4 | EN50: 4 | EO50: 3 | EP50: 4 | EQ50: 3 | ER50: 4 | ES50: 4 | ET50: 4 | EU50: 4 | EV50: 4 | EW50: 4 | EX50: 4 | EY50: 4 | EZ50: 4 | FA50: 2 | FB50: 4 | FC50: 3 | FD50: 3 | FE50: 3 | FF50: 3 | FG50: 4 | FH50: 3 | FI50: 4 | FJ50: 4 | FK50: 3 | FL50: 3 | FM50: 3 | FN50: 4 | FO50: 4 | FP50: 4 | FQ50: 4 | FR50: 4 | FS50: 2 | FT50: 2 | FU50: 2 | FV50: 4 | FW50: 2 | FX50: 4 | FY50: 4 | FZ50: 4 | GA50: 4 | GB50: 4 | GD50: 3 | GE50: 3 | GF50: 3 | GG50: 4 | GH50: 4 | GI50: 4 | GJ50: 3 | GK50: 3 | GL50: 3 | GM50: 3 | GN50: 4 | GO50: 4 | GP50: 4 | GQ50: 4 | GR50: 3 | GS50: 3 | GT50: 3 | GU50: 3 | GV50: 4 | GW50: 3 | GX50: 3 | GY50: 3 | GZ50: 3 | HA50: 3 | HB50: 3 | HC50: 3 | HD50: 4 | HE50: 4 | HF50: 4 | HG50: 4 | HH50: 4 | HI50: 4 | HJ50: 4 | HK50: 4 | HL50: 4 | HM50: 3 | HN50: 3 | HO50: 3 | HP50: 3 | HQ50: 3 | HR50: 3 | HS50: 3 | HT50: 3 | HU50: 2 | HV50: 3 | HW50: 3 | HX50: 2 | HY50: 3 | HZ50: 2 | IA50: 2 | IB50: 3 | IC50: 4 | ID50: 4 | IE50: 4 | IF50: 4 | IG50: 3 | IH50: 3 | II50: 3 | IJ50: 3 | IK50: 3 | IL50: 3 | IM50: 3 | IN50: 3 | IO50: 3 | IP50: 3 | IQ50: 3 | IS50: 4 | IT50: 3 | IU50: 0 | IV50: 3 | IW50: 3 | IX50: 4 | IY50: 4 | IZ50: marcada
B51: Mayela Ugallo Zavala | C51: Mujer | D51: Unión-Libre | E51: 47 | F51: 21-08-2024 | G51: 04-07-2024 | H51: 02:20 pm | I51: 2 | J51: 1 | K51: 2 | L51: 2 | M51: 2 | N51: 3 | O51: 2 | P51: 1 | Q51: 0 | R51: 0 | S51: 0 | T51: 0 | U51: 0 | V51: 0 | W51: 0 | X51: 0 | Y51: 1 | Z51: 0 | AA51: 0 | AB51: 0 | AC51: 0 | AD51: 0 | AE51: 0 | AF51: 0 | AG51: 0 | AH51: 0 | AI51: 2 | AJ51: 1 | AK51: 0 | AL51: 0 | AM51: 0 | AN51: 0 | AO51: 1 | AP51: 0 | AQ51: 0 | AR51: 0 | AS51: 0 | AT51: 0 | AU51: 1 | AV51: 0 | AW51: 1 | AX51: 0 | AY51: 0 | AZ51: 1 | BA51: 0 | BB51: 2 | BC51: 0 | BD51: 2 | BE51: 2 | BF51: 0 | BG51: 1 | BH51: 0 | BI51: 0 | BJ51: 2 | BK51: 0 | BL51: 0 | BM51: A la hora de dormir. Pienso mucho en mis pendientes laborales o bien familiares | BN51: 3 | BO51: 0 | BP51: 0 | BQ51: 0 | BR51: 1 | BS51: 0 | BT51: 0 | BU51: 1 | BV51: 0 | BW51: 2 | BX51: 2 | BY51: 0 | BZ51: 0 | CA51: 0 | CB51: 1 | CC51: 1 | CD51: 1 | CE51: 0 | CF51: 1 | CG51: 0 | CH51: 0 | CI51: 0 | CJ51: 0 | CK51: 0 | CL51: 0 | CM51: 0 | CN51: 0 | CO51: 0 | CP51: 0 | CQ51: 0 | CR51: 0 | CS51: 0 | CT51: 0 | CU51: 0 | CV51: 0 | CW51: 0 | CX51: 0 | CY51: 0 | CZ51: 0 | DA51: 0 | DB51: 0 | DC51: 0 | DD51: 0 | DE51: 0 | DF51: 1 | DG51: 0 | DH51: 0 | DI51: 0 | DJ51: 0 | DK51: 0 | DL51: 1 | DM51: 0 | DN51: 0 | DO51: 0 | DP51: 0 | DQ51: 0 | DR51: 0 | DS51: 0 | DT51: 0 | DU51: 0 | DV51: 0 | DW51: 0 | DX51: 0 | DY51: 0 | DZ51: 0 | EA51: 0 | EB51: 0 | EC51: 0 | ED51: 0 | EE51: 0 | EF51: 0 | EG51: 0 | EH51: 0 | EI51: 0 | EJ51: 0 | EK51: 0 | EL51: 0 | EM51: 0 | EN51: 0 | EO51: 0 | EP51: 0 | EQ51: 0 | ER51: 0 | ES51: 0 | ET51: 0 | EU51: 0 | EV51: 0 | EW51: 0 | EX51: 1 | EY51: 0 | EZ51: 0 | FA51: 0 | FB51: 0 | FC51: 0 | FD51: 0 | FE51: 0 | FF51: 0 | FG51: 1 | FH51: 0 | FI51: 0 | FJ51: 0 | FK51: 0 | FL51: 0 | FM51: 0 | FN51: 0 | FO51: 0 | FP51: 0 | FQ51: 0 | FR51: 1 | FS51: 0 | FT51: 0 | FU51: 0 | FV51: 0 | FW51: 0 | FX51: 1 | FY51: 0 | FZ51: 0 | GA51: 0 | GB51: 0 | GC51: No muestro dolores de cabeza y ninguna mestia en el estómago | GD51: 0 | GE51: 0 | GF51: 0 | GG51: 0 | GH51: 1 | GI51: 1 | GJ51: 0 | GK51: 0 | GL51: 0 | GN51: 1 | GO51: 0 | GP51: 0 | GQ51: 0 | GR51: 1 | GS51: 0 | GT51: 0 | GU51: 0 | GV51: 0 | GW51: 0 | GX51: 0 | GY51: 0 | GZ51: 0 | HA51: 0 | HB51: 0 | HC51: 0 | HD51: 0 | HE51: 0 | HF51: 0 | HG51: 0 | HH51: 0 | HI51: 0 | HJ51: 0 | HK51: 0 | HL51: 0 | HM51: 0 | HN51: 0 | HO51: 0 | HP51: 0 | HQ51: 0 | HR51: 0 | HS51: 0 | HT51: 0 | HU51: 0 | HV51: 0 | HW51: 0 | HX51: 0 | HY51: 0 | HZ51: 0 | IA51: 0 | IB51: 0 | IC51: 0 | ID51: 0 | IE51: 0 | IF51: 0 | IG51: 0 | IH51: 0 | II51: 0 | IJ51: 0 | IK51: 0 | IL51: 0 | IM51: 0 | IN51: 0 | IO51: 0 | IP51: 0 | IQ51: 0 | IR51: Ninguna de las anteriores puesto que no fumo | IS51: 1 | IT51: 0 | IU51: 0 | IV51: 1 | IW51: 0 | IX51: 0 | IY51: 0 | IZ51: marcada
B52: Felipe de Jesús Martínez Villarreal | C52: Hombre | D52: one | E52: 17 | F52: 09-04-2007 | G52: 12-07-2024 | H52: 12:55 pm | I52: 4 | J52: 1 | K52: 1 | L52: 2 | M52: 3 | N52: 2 | O52: 3 | P52: 2 | Q52: 1 | R52: 0 | S52: 0 | T52: 1 | U52: 0 | V52: 0 | W52: 2 | X52: 0 | Y52: 3 | Z52: 0 | AA52: 1 | AB52: 0 | AC52: 0 | AD52: 1 | AE52: 2 | AF52: 1 | AG52: 0 | AH52: 0 | AI52: 2 | AJ52: 4 | AK52: 1 | AL52: 2 | AM52: 0 | AN52: 0 | AO52: 3 | AP52: 0 | AQ52: 0 | AR52: 1 | AS52: 2 | AT52: 0 | AU52: 2 | AV52: 0 | AW52: 0 | AX52: 1 | AY52: 0 | AZ52: 2 | BA52: 0 | BB52: 2 | BC52: 0 | BD52: 2 | BE52: 0 | BF52: 0 | BG52: 1 | BH52: 0 | BI52: 2 | BJ52: 0 | BK52: 0 | BL52: 1 | BM52: Al conocer a alguien me siento nervioso | BN52: 0 | BO52: 2 | BP52: 2 | BQ52: 1 | BR52: 2 | BS52: 3 | BT52: 0 | BU52: 0 | BV52: 2 | BW52: 0 | BX52: 1 | BY52: 1 | BZ52: 0 | CA52: 2 | CB52: 1 | CC52: 0 | CD52: 0 | CE52: 2 | CF52: 0 | CG52: 0 | CH52: 1 | CI52: 0 | CJ52: 2 | CK52: 1 | CL52: 2 | CM52: 0 | CN52: 3 | CO52: 0 | CP52: 2 | CQ52: 1 | CR52: 0 | CS52: 0 | CT52: 1 | CU52: 2 | CV52: 0 | CW52: 1 | CX52: 0 | CY52: 0 | CZ52: 1 | DA52: 0 | DB52: 0 | DC52: 1 | DD52: 0 | DE52: 1 | DF52: 0 | DG52: 2 | DH52: 2 | DI52: 2 | DJ52: 1 | DK52: 1 | DL52: 0 | DM52: 1 | DN52: 0 | DO52: 1 | DP52: 0 | DQ52: 1 | DR52: 2 | DS52: 2 | DT52: 1 | DU52: 0 | DV52: 2 | DW52: 2 | DX52: 0 | DY52: 2 | DZ52: 0 | EA52: 0 | EB52: 0 | EC52: 1 | ED52: 1 | EE52: 2 | EF52: 1 | EG52: 1 | EH52: 0 | EI52: 2 | EJ52: 1 | EK52: 0 | EL52: 3 | EM52: 0 | EN52: 0 | EO52: 1 | EP52: 2 | EQ52: 0 | ER52: 1 | ES52: 2 | ET52: 1 | EU52: 2 | EV52: 2 | EW52: 0 | EX52: 1 | EY52: 2 | EZ52: 2 | FA52: 1 | FB52: 2 | FC52: 0 | FD52: 0 | FE52: 1 | FF52: 1 | FG52: 0 | FH52: 2 | FI52: 0 | FJ52: 0 | FK52: 2 | FL52: 0 | FM52: 0 | FN52: 2 | FO52: 1 | FP52: 0 | FQ52: 0 | FR52: 4 | FS52: 0 | FT52: 1 | FU52: 0 | FV52: 0 | FW52: 1 | FX52: 2 | FY52: 0 | FZ52: 1 | GA52: 2 | GB52: 1 | GC52: Al presentar un examen difícil o muy tardado me estreso | GD52: 0 | GE52: 1 | GF52: 0 | GG52: 2 | GH52: 4 | GI52: 1 | GJ52: 1 | GK52: 0 | GL52: 0 | GM52: 0 | GN52: 4 | GO52: 1 | GP52: 0 | GQ52: 0 | GR52: 1 | GS52: 0 | GT52: 2 | GU52: 1 | GV52: 2 | GW52: 1 | GX52: 0 | GY52: 1 | GZ52: 2 | HA52: 1 | HB52: 2 | HC52: 0 | HD52: 1 | HE52: 0 | HF52: 1 | HG52: 0 | HH52: 1 | HI52: 2 | HJ52: 1 | HK52: 2 | HL52: 2 | HM52: 2 | HN52: 1 | HO52: 2 | HP52: 1 | HQ52: 0 | HR52: 1 | HS52: 2 | HT52: 0 | HU52: 0 | HV52: 0 | HW52: 0 | HX52: 0 | HY52: 1 | HZ52: 2 | IA52: 0 | IB52: 0 | IC52: 0 | ID52: 1 | IE52: 2 | IF52: 1 | IG52: 1 | IH52: 2 | II52: 1 | IJ52: 2 | IK52: 0 | IL52: 1 | IM52: 0 | IN52: 1 | IO52: 0 | IP52: 1 | IQ52: 1 | IR52: Al pasar mucho tiempo encerrado me tiendo a desesperar mucho | IS52: 1 | IT52: 0 | IU52: 1 | IV52: 1 | IW52: 0 | IX52: 0 | IY52: 0 | IZ52: marcada
B53: Adamaris Monserrat Martinez Ruiz | C53: Mujer | D53: Unión-Libre | E53: 23 | F53: 14-09-2001 | G53: 13-07-2024 | H53: 07:00 pm | I53: 1 | J53: 2 | K53: 2 | L53: 4 | M53: 4 | N53: 3 | O53: 3 | P53: 2 | Q53: 2 | R53: 1 | S53: 0 | T53: 1 | U53: 2 | V53: 1 | W53: 2 | X53: 1 | Y53: 2 | Z53: 1 | AA53: 3 | AB53: 3 | AC53: 3 | AD53: 3 | AE53: 2 | AF53: 4 | AG53: 0 | AH53: 0 | AI53: 3 | AJ53: 3 | AK53: 3 | AL53: 3 | AM53: 0 | AN53: 0 | AO53: 3 | AP53: 3 | AQ53: 2 | AR53: 0 | AS53: 2 | AT53: 1 | AU53: 2 | AV53: 2 | AW53: 2 | AX53: 0 | AY53: 0 | AZ53: 1 | BA53: 0 | BB53: 1 | BC53: 1 | BD53: 1 | BE53: 1 | BF53: 2 | BG53: 2 | BH53: 2 | BI53: 1 | BJ53: 2 | BK53: 1 | BL53: 0 | BN53: 2 | BO53: 2 | BP53: 3 | BQ53: 2 | BR53: 0 | BS53: 4 | BT53: 2 | BU53: 1 | BV53: 1 | BW53: 1 | BX53: 0 | BY53: 0 | BZ53: 0 | CA53: 0 | CB53: 0 | CC53: 0 | CD53: 0 | CE53: 0 | CF53: 0 | CG53: 0 | CH53: 0 | CI53: 3 | CJ53: 0 | CK53: 0 | CL53: 3 | CM53: 2 | CN53: 1 | CO53: 0 | CP53: 0 | CQ53: 2 | CR53: 2 | CS53: 3 | CT53: 2 | CU53: 0 | CV53: 2 | CW53: 1 | CX53: 0 | CY53: 0 | CZ53: 0 | DA53: 0 | DB53: 0 | DC53: 0 | DD53: 0 | DE53: 0 | DF53: 0 | DG53: 0 | DH53: 0 | DI53: 0 | DJ53: 0 | DK53: 0 | DL53: 0 | DM53: 0 | DN53: 0 | DO53: 0 | DP53: 0 | DQ53: 2 | DR53: 2 | DS53: 1 | DT53: 0 | DU53: 0 | DV53: 0 | DW53: 0 | DX53: 1 | DY53: 1 | DZ53: 1 | EA53: 0 | EB53: 0 | EC53: 0 | ED53: 2 | EE53: 1 | EF53: 1 | EG53: 0 | EH53: 0 | EI53: 0 | EJ53: 0 | EK53: 1 | EL53: 0 | EM53: 0 | EN53: 0 | EO53: 0 | EP53: 0 | EQ53: 0 | ER53: 0 | ES53: 0 | ET53: 0 | EU53: 0 | EV53: 0 | EW53: 0 | EX53: 2 | EY53: 1 | EZ53: 0 | FA53: 0 | FB53: 0 | FC53: 0 | FD53: 1 | FE53: 0 | FF53: 0 | FG53: 0 | FH53: 1 | FI53: 0 | FJ53: 0 | FK53: 0 | FL53: 0 | FM53: 0 | FN53: 0 | FO53: 0 | FP53: 0 | FQ53: 1 | FR53: 0 | FS53: 0 | FT53: 0 | FU53: 0 | FV53: 0 | FW53: 2 | FX53: 1 | FY53: 1 | FZ53: 0 | GA53: 0 | GB53: 1 | GC53: Cuand estoy enojada | GD53: 1 | GE53: 0 | GF53: 0 | GG53: 2 | GH53: 3 | GI53: 2 | GJ53: 0 | GK53: 0 | GL53: 0 | GM53: 0 | GN53: 2 | GO53: 2 | GP53: 1 | GQ53: 1 | GR53: 1 | GS53: 3 | GT53: 2 | GU53: 1 | GV53: 2 | GW53: 1 | GX53: 2 | GY53: 2 | GZ53: 2 | HA53: 2 | HB53: 1 | HC53: 0 | HD53: 1 | HE53: 1 | HF53: 1 | HG53: 0 | HH53: 1 | HI53: 3 | HJ53: 1 | HK53: 1 | HL53: 1 | HM53: 1 | HN53: 0 | HO53: 0 | HP53: 2 | HQ53: 0 | HR53: 0 | HS53: 0 | HT53: 0 | HU53: 0 | HV53: 0 | HW53: 2 | HX53: 2 | HY53: 1 | HZ53: 1 | IA53: 1 | IB53: 0 | IC53: 0 | ID53: 1 | IE53: 1 | IF53: 1 | IG53: 0 | IH53: 0 | II53: 0 | IJ53: 0 | IK53: 0 | IL53: 1 | IM53: 1 | IN53: 0 | IO53: 0 | IP53: 1 | IQ53: 1 | IS53: 2 | IT53: 1 | IU53: 4 | IV53: 3 | IW53: 2 | IX53: 0 | IY53: 1 | IZ53: marcada
B54: Mariana Gelinas Martín del Campo | C54: Mujer | D54: one | E54: 24 | F54: 07-10-1999 | G54: 29-07-2024 | H54: 01:02 pm | I54: 4 | J54: 0 | K54: 0 | L54: 3 | M54: 3 | N54: 3 | O54: 3 | P54: 4 | Q54: 4 | R54: 3 | S54: 4 | T54: 3 | U54: 4 | V54: 1 | W54: 4 | X54: 4 | Y54: 4 | Z54: 4 | AA54: 0 | AB54: 0 | AC54: 0 | AD54: 0 | AE54: 4 | AF54: 0 | AG54: 0 | AH54: 0 | AI54: 4 | AJ54: 4 | AK54: 4 | AL54: 4 | AM54: 0 | AN54: 2 | AO54: 3 | AP54: 3 | AQ54: 3 | AR54: 3 | AS54: 3 | AT54: 3 | AU54: 0 | AV54: 0 | AW54: 4 | AX54: 4 | AY54: 4 | AZ54: 4 | BA54: 4 | BB54: 3 | BC54: 3 | BD54: 3 | BE54: 3 | BF54: 4 | BG54: 4 | BH54: 4 | BI54: 4 | BJ54: 1 | BK54: 1 | BL54: 1 | BM54: En mi trabajo | BN54: 3 | BO54: 4 | BP54: 4 | BQ54: 4 | BR54: 3 | BS54: 2 | BT54: 4 | BU54: 3 | BV54: 0 | BW54: 4 | BX54: 2 | BY54: 1 | BZ54: 3 | CA54: 2 | CB54: 0 | CC54: 0 | CD54: 0 | CE54: 0 | CF54: 0 | CG54: 0 | CH54: 0 | CI54: 2 | CJ54: 2 | CK54: 3 | CL54: 1 | CM54: 3 | CN54: 3 | CO54: 3 | CP54: 3 | CQ54: 0 | CR54: 4 | CS54: 4 | CT54: 4 | CU54: 4 | CV54: 3 | CW54: 3 | CX54: 3 | CY54: 2 | CZ54: 3 | DA54: 1 | DB54: 1 | DC54: 1 | DD54: 1 | DE54: 4 | DF54: 4 | DG54: 4 | DH54: 4 | DI54: 4 | DJ54: 4 | DK54: 4 | DL54: 4 | DM54: 4 | DN54: 4 | DO54: 4 | DP54: 0 | DQ54: 3 | DR54: 0 | DS54: 0 | DT54: 2 | DU54: 0 | DV54: 2 | DW54: 2 | DX54: 4 | DY54: 4 | DZ54: 4 | EA54: 4 | EB54: 4 | EC54: 0 | ED54: 0 | EE54: 0 | EF54: 0 | EG54: 0 | EH54: 0 | EI54: 4 | EJ54: 4 | EK54: 4 | EL54: 4 | EM54: 4 | EN54: 0 | EO54: 0 | EP54: 0 | EQ54: 3 | ER54: 1 | ES54: 1 | ET54: 0 | EU54: 3 | EV54: 3 | EW54: 1 | EX54: 4 | EY54: 4 | EZ54: 3 | FA54: 2 | FB54: 1 | FC54: 0 | FD54: 0 | FE54: 0 | FF54: 0 | FG54: 0 | FH54: 0 | FI54: 0 | FJ54: 0 | FK54: 4 | FL54: 4 | FM54: 4 | FN54: 4 | FO54: 4 | FP54: 4 | FQ54: 3 | FR54: 2 | FS54: 3 | FT54: 3 | FU54: 4 | FV54: 4 | FW54: 1 | FX54: 4 | FY54: 2 | FZ54: 4 | GA54: 1 | GB54: 0 | GC54: En mi trabajo | GD54: 4 | GE54: 0 | GF54: 4 | GG54: 0 | GH54: 4 | GI54: 3 | GJ54: 1 | GK54: 1 | GL54: 3 | GM54: 2 | GN54: 4 | GO54: 4 | GP54: 4 | GQ54: 0 | GR54: 0 | GS54: 0 | GT54: 4 | GU54: 0 | GV54: 4 | GW54: 4 | GX54: 0 | GY54: 0 | GZ54: 4 | HA54: 0 | HB54: 0 | HC54: 0 | HD54: 4 | HE54: 0 | HF54: 0 | HG54: 0 | HH54: 1 | HI54: 0 | HJ54: 4 | HK54: 4 | HL54: 0 | HM54: 4 | HN54: 0 | HO54: 4 | HP54: 0 | HQ54: 4 | HR54: 0 | HS54: 0 | HT54: 0 | HU54: 0 | HV54: 0 | HW54: 0 | HX54: 0 | HY54: 0 | HZ54: 2 | IA54: 4 | IB54: 0 | IC54: 0 | ID54: 1 | IE54: 0 | IF54: 3 | IG54: 4 | IH54: 0 | II54: 0 | IJ54: 0 | IK54: 0 | IL54: 0 | IM54: 4 | IN54: 0 | IO54: 3 | IP54: 0 | IQ54: 4 | IR54: Siempre me estoy moviendo con los pies | IS54: 0 | IT54: 4 | IU54: 0 | IV54: 3 | IW54: 4 | IX54: 3 | IY54: 0 | IZ54: marcada
B55: America Guadalupe Torres Gaona | C55: Mujer | D55: one | E55: 18 | F55: 01-10-2005 | G55: 01-08-2024 | H55: 06:03 pm | I55: 1 | J55: 0 | K55: 1 | L55: 2 | M55: 2 | N55: 2 | O55: 2 | P55: 1 | Q55: 1 | R55: 1 | S55: 0 | T55: 0 | U55: 0 | V55: 1 | W55: 0 | X55: 0 | Y55: 1 | Z55: 1 | AA55: 1 | AB55: 1 | AC55: 1 | AD55: 1 | AE55: 1 | AF55: 0 | AG55: 2 | AH55: 1 | AI55: 2 | AJ55: 2 | AK55: 2 | AL55: 1 | AM55: 0 | AN55: 0 | AO55: 2 | AP55: 2 | AQ55: 1 | AR55: 2 | AS55: 1 | AT55: 1 | AU55: 1 | AV55: 1 | AW55: 3 | AX55: 2 | AY55: 2 | AZ55: 3 | BA55: 1 | BB55: 2 | BC55: 1 | BD55: 3 | BE55: 1 | BF55: 1 | BG55: 1 | BH55: 1 | BI55: 1 | BJ55: 2 | BK55: 1 | BL55: 0 | BU55: 1 | BV55: 1 | BW55: 1 | BX55: 2 | BY55: 1 | BZ55: 1 | CA55: 1 | CB55: 2 | CC55: 1 | CD55: 2 | CE55: 1 | CF55: 1 | CG55: 1 | CH55: 1 | CI55: 1 | CJ55: 1 | CK55: 1 | CL55: 1 | CM55: 1 | CN55: 1 | CO55: 1 | CP55: 1 | CQ55: 1 | CR55: 1 | CS55: 1 | CT55: 1 | CU55: 1 | CV55: 2 | CW55: 2 | CX55: 2 | CY55: 2 | CZ55: 1 | DA55: 1 | DB55: 1 | DC55: 1 | DD55: 1 | DE55: 1 | DF55: 2 | DG55: 2 | DH55: 2 | DI55: 2 | DJ55: 1 | DK55: 1 | DL55: 2 | DM55: 2 | DN55: 1 | DO55: 1 | DP55: 2 | DQ55: 2 | DR55: 1 | DS55: 1 | DT55: 1 | DU55: 1 | DV55: 1 | DW55: 1 | DX55: 1 | DY55: 1 | DZ55: 1 | EA55: 1 | EB55: 1 | EC55: 1 | ED55: 1 | EE55: 1 | EF55: 1 | EG55: 1 | EH55: 1 | EI55: 1 | EJ55: 1 | EK55: 1 | EL55: 1 | EM55: 1 | EN55: 1 | EO55: 1 | EP55: 1 | EQ55: 1 | ER55: 1 | ES55: 1 | ET55: 1 | EU55: 1 | EV55: 1 | EW55: 1 | EX55: 1 | EY55: 1 | EZ55: 1 | FA55: 1 | FB55: 1 | FC55: 1 | FD55: 1 | FE55: 1 | FF55: 1 | FG55: 1 | FH55: 1 | FI55: 1 | FJ55: 1 | FK55: 1 | FL55: 1 | FM55: 1 | FN55: 1 | FO55: 1 | FP55: 1 | FQ55: 1 | FR55: 1 | FS55: 1 | FT55: 1 | FU55: 1 | FV55: 1 | FW55: 1 | FX55: 1 | FY55: 1 | FZ55: 1 | GA55: 1 | GB55: 0 | GN55: 1 | GO55: 1 | GP55: 1 | GQ55: 1 | GR55: 1 | GS55: 0 | GT55: 0 | GU55: 0 | GV55: 0 | GW55: 0 | GX55: 0 | GY55: 0 | GZ55: 0 | HA55: 0 | HB55: 0 | HC55: 0 | HD55: 0 | HE55: 0 | HF55: 0 | HG55: 0 | HH55: 0 | HI55: 0 | HJ55: 0 | HK55: 0 | HL55: 0 | HM55: 0 | HN55: 0 | HO55: 0 | HP55: 0 | HQ55: 0 | HR55: 0 | HS55: 0 | HT55: 0 | HU55: 0 | HV55: 0 | HW55: 0 | HX55: 0 | HY55: 0 | HZ55: 0 | IA55: 0 | IB55: 0 | IC55: 0 | ID55: 0 | IE55: 0 | IF55: 0 | IG55: 0 | IH55: 0 | II55: 0 | IJ55: 0 | IK55: 0 | IL55: 0 | IM55: 0 | IN55: 0 | IO55: 0 | IP55: 0 | IQ55: 1 | IS55: 1 | IT55: 1 | IU55: 0 | IV55: 1 | IW55: 0 | IX55: 1 | IY55: 0 | IZ55: marcada
B56: Alain Flores de leon | C56: Hombre | D56: two | E56: 40 | F56: 19-08-2024 | G56: 19-08-2024 | H56: 07:59 pm | I56: 1 | J56: 1 | K56: 1 | L56: 3 | M56: 3 | N56: 4 | O56: 4 | P56: 1 | Q56: 1 | R56: 0 | S56: 1 | T56: 2 | U56: 2 | V56: 2 | W56: 3 | X56: 2 | Y56: 1 | Z56: 1 | AA56: 3 | AB56: 3 | AC56: 3 | AD56: 3 | AE56: 3 | AF56: 0 | AG56: 0 | AH56: 0 | AI56: 3 | AJ56: 3 | AK56: 3 | AL56: 3 | AM56: 0 | AN56: 0 | AO56: 0 | AP56: 1 | AQ56: 1 | AR56: 0 | AS56: 1 | AT56: 2 | AU56: 2 | AV56: 2 | AW56: 2 | AX56: 2 | AY56: 2 | AZ56: 2 | BA56: 2 | BB56: 0 | BC56: 0 | BD56: 0 | BE56: 0 | BF56: 3 | BG56: 3 | BH56: 3 | BI56: 2 | BJ56: 3 | BK56: 3 | BL56: 3 | BM56: Toma de decisiones | BN56: 4 | BO56: 2 | BP56: 2 | BQ56: 3 | BR56: 3 | BS56: 3 | BT56: 3 | BU56: 0 | BV56: 0 | BW56: 2 | BX56: 0 | BY56: 0 | BZ56: 0 | CA56: 0 | CB56: 0 | CC56: 0 | CD56: 0 | CE56: 0 | CF56: 0 | CG56: 0 | CH56: 0 | CI56: 0 | CJ56: 0 | CK56: 0 | CL56: 0 | CM56: 0 | CN56: 0 | CO56: 0 | CP56: 0 | CQ56: 0 | CR56: 0 | CS56: 0 | CT56: 0 | CU56: 0 | CV56: 0 | CW56: 0 | CX56: 0 | CY56: 0 | CZ56: 0 | DA56: 0 | DB56: 0 | DC56: 0 | DD56: 0 | DE56: 0 | DF56: 0 | DG56: 0 | DH56: 0 | DI56: 0 | DJ56: 0 | DK56: 0 | DL56: 0 | DM56: 0 | DN56: 0 | DO56: 0 | DP56: 0 | DQ56: 0 | DR56: 0 | DS56: 0 | DT56: 0 | DU56: 0 | DV56: 0 | DW56: 0 | DX56: 0 | DY56: 0 | DZ56: 0 | EA56: 0 | EB56: 0 | EC56: 0 | ED56: 0 | EE56: 0 | EF56: 0 | EG56: 0 | EH56: 0 | EI56: 0 | EJ56: 0 | EK56: 0 | EL56: 0 | EM56: 0 | EN56: 0 | EO56: 0 | EP56: 0 | EQ56: 0 | ER56: 0 | ES56: 0 | ET56: 0 | EU56: 0 | EV56: 0 | EW56: 0 | EX56: 0 | EY56: 0 | EZ56: 0 | FA56: 0 | FB56: 0 | FC56: 0 | FD56: 0 | FE56: 0 | FF56: 0 | FG56: 0 | FH56: 0 | FI56: 0 | FJ56: 0 | FK56: 0 | FL56: 0 | FM56: 0 | FN56: 0 | FO56: 0 | FP56: 0 | FQ56: 0 | FR56: 0 | FS56: 0 | FT56: 0 | FU56: 0 | FV56: 0 | FW56: 0 | FX56: 0 | FY56: 0 | FZ56: 0 | GA56: 0 | GB56: 0 | GC56: Estresado | GD56: 0 | GE56: 0 | GF56: 0 | GG56: 0 | GH56: 1 | GI56: 0 | GK56: 0 | GL56: 0 | GM56: 0 | GN56: 2 | GO56: 1 | GP56: 0 | GQ56: 0 | GR56: 0 | GS56: 0 | GT56: 0 | GU56: 0 | GV56: 0 | GW56: 0 | GX56: 0 | GY56: 0 | GZ56: 0 | HA56: 1 | HB56: 0 | HC56: 0 | HD56: 0 | HE56: 0 | HF56: 0 | HG56: 0 | HH56: 0 | HI56: 0 | HJ56: 0 | HK56: 2 | HL56: 0 | HM56: 0 | HN56: 0 | HO56: 2 | HP56: 0 | HQ56: 2 | HR56: 0 | HS56: 0 | HT56: 0 | HU56: 0 | HV56: 0 | HW56: 0 | HX56: 0 | HY56: 0 | HZ56: 0 | IA56: 2 | IB56: 0 | IC56: 0 | ID56: 0 | IE56: 0 | IF56: 0 | IG56: 0 | IH56: 0 | II56: 0 | IJ56: 0 | IK56: 0 | IL56: 2 | IM56: 0 | IN56: 0 | IO56: 0 | IP56: 0 | IQ56: 0 | IR56: Nervios | IS56: 2 | IT56: 2 | IU56: 0 | IV56: 0 | IW56: 0 | IX56: 0 | IY56: 2 | IZ56: marcada
B57: Antonio Asuraby Mota Saucedo | C57: Hombre | D57: one | E57: 23 | F57: 29-06-2001 | G57: 02-09-2024 | H57: 06:37 pm | I57: 1 | J57: 1 | K57: 1 | L57: 1 | M57: 1 | N57: 1 | O57: 1 | P57: 1 | Q57: 1 | R57: 1 | S57: 0 | T57: 0 | U57: 0 | V57: 1 | W57: 1 | X57: 1 | Y57: 0 | Z57: 0 | AA57: 1 | AB57: 1 | AC57: 1 | AD57: 1 | AE57: 1 | AF57: 1 | AG57: 0 | AH57: 0 | AI57: 3 | AJ57: 3 | AK57: 2 | AL57: 0 | AM57: 1 | AN57: 1 | AO57: 3 | AP57: 1 | AQ57: 0 | AR57: 0 | AS57: 0 | AT57: 0 | AU57: 2 | AV57: 1 | AW57: 1 | AX57: 0 | AY57: 0 | AZ57: 1 | BA57: 1 | BB57: 1 | BC57: 1 | BD57: 1 | BE57: 3 | BF57: 3 | BG57: 3 | BH57: 3 | BI57: 3 | BJ57: 4 | BK57: 4 | BL57: 4 | BM57: Algunas convivencias con mi pareja | BN57: 4 | BO57: 2 | BP57: 3 | BQ57: 2 | BR57: 2 | BS57: 1 | BT57: 1 | BU57: 1 | BV57: 1 | BW57: 1 | BX57: 0 | BY57: 0 | BZ57: 0 | CA57: 0 | CB57: 0 | CC57: 0 | CD57: 1 | CE57: 0 | CF57: 3 | CG57: 2 | CH57: 1 | CI57: 1 | CJ57: 0 | CK57: 1 | CL57: 0 | CM57: 2 | CN57: 1 | CO57: 0 | CP57: 0 | CQ57: 0 | CR57: 0 | CS57: 0 | CT57: 0 | CU57: 0 | CV57: 0 | CW57: 2 | CX57: 0 | CY57: 0 | CZ57: 2 | DA57: 3 | DB57: 3 | DC57: 0 | DD57: 0 | DE57: 0 | DF57: 2 | DG57: 0 | DH57: 4 | DI57: 2 | DJ57: 0 | DK57: 0 | DL57: 0 | DM57: 0 | DN57: 0 | DO57: 0 | DP57: 0 | DQ57: 0 | DR57: 0 | DS57: 2 | DT57: 2 | DU57: 0 | DV57: 0 | DW57: 0 | DX57: 2 | DY57: 4 | DZ57: 2 | EA57: 0 | EB57: 0 | EC57: 0 | ED57: 0 | EE57: 0 | EF57: 0 | EG57: 0 | EH57: 0 | EI57: 2 | EJ57: 1 | EK57: 0 | EL57: 0 | EM57: 0 | EN57: 0 | EO57: 0 | EP57: 0 | EQ57: 2 | ER57: 0 | ES57: 2 | ET57: 0 | EU57: 1 | EV57: 4 | EW57: 2 | EX57: 4 | EY57: 4 | EZ57: 0 | FA57: 0 | FB57: 0 | FC57: 3 | FD57: 0 | FE57: 0 | FF57: 0 | FG57: 0 | FH57: 0 | FI57: 0 | FJ57: 2 | FK57: 0 | FL57: 0 | FM57: 0 | FN57: 0 | FO57: 0 | FP57: 0 | FQ57: 0 | FR57: 0 | FS57: 0 | FT57: 0 | FU57: 0 | FV57: 0 | FW57: 0 | FX57: 3 | FY57: 3 | FZ57: 0 | GA57: 0 | GB57: 1 | GC57: los cambios de actitudes de mi pareja | GD57: 0 | GE57: 0 | GF57: 2 | GG57: 0 | GH57: 2 | GI57: 4 | GJ57: 4 | GK57: 0 | GL57: 0 | GM57: 0 | GN57: 3 | GO57: 3 | GP57: 3 | GQ57: 3 | GR57: 3 | GS57: 1 | GT57: 2 | GU57: 1 | GV57: 1 | GW57: 2 | GX57: 3 | GY57: 0 | GZ57: 0 | HA57: 0 | HB57: 1 | HC57: 1 | HD57: 1 | HE57: 0 | HF57: 1 | HG57: 1 | HH57: 2 | HI57: 1 | HJ57: 2 | HK57: 2 | HL57: 1 | HM57: 2 | HN57: 0 | HO57: 4 | HP57: 3 | HQ57: 4 | HR57: 0 | HS57: 0 | HT57: 0 | HU57: 0 | HV57: 0 | HW57: 0 | HX57: 2 | HY57: 1 | HZ57: 2 | IA57: 4 | IB57: 1 | IC57: 1 | ID57: 0 | IE57: 1 | IF57: 1 | IG57: 1 | IH57: 1 | II57: 0 | IJ57: 1 | IK57: 1 | IL57: 2 | IM57: 0 | IN57: 0 | IO57: 1 | IP57: 1 | IQ57: 1 | IR57: pensar en un futuro | IS57: 2 | IT57: 3 | IU57: 1 | IV57: 1 | IW57: 3 | IX57: 2 | IY57: 0 | IZ57: marcada
B58: ANA KARINA MARQUEZ MEDINA | C58: Mujer | D58: one | E58: 22 | F58: 07-09-2002 | G58: 04-09-2024 | H58: 08:00 pm | I58: 2 | J58: 2 | K58: 3 | L58: 4 | M58: 4 | N58: 1 | O58: 1 | P58: 3 | Q58: 3 | R58: 0 | S58: 1 | T58: 3 | U58: 0 | V58: 2 | W58: 1 | X58: 1 | Y58: 3 | Z58: 3 | AA58: 0 | AB58: 0 | AC58: 1 | AD58: 0 | AE58: 1 | AF58: 1 | AG58: 1 | AH58: 1 | AI58: 3 | AJ58: 3 | AK58: 3 | AL58: 2 | AM58: 0 | AN58: 2 | AO58: 3 | AP58: 0 | AQ58: 4 | AR58: 0 | AS58: 0 | AT58: 1 | AU58: 2 | AV58: 2 | AW58: 2 | AX58: 2 | AY58: 1 | AZ58: 2 | BA58: 2 | BB58: 4 | BC58: 0 | BD58: 4 | BE58: 2 | BF58: 2 | BG58: 3 | BH58: 3 | BI58: 2 | BJ58: 4 | BK58: 4 | BL58: 0 | BM58: A la hora de acostarme a dormir generalmente es cuando mi mente no se encuentra tan ocupada por lo cual comienzo a recordar el pasado (todo lo malo) el presente (esta pasando lo que tiene que pasar) y el futuro (todo lo que quiero o deseo lograr) | BN58: 2 | BO58: 4 | BP58: 4 | BQ58: 3 | BR58: 2 | BS58: 2 | BT58: 2 | BU58: 2 | BV58: 1 | BW58: 1 | BX58: 0 | BY58: 1 | BZ58: 0 | CA58: 1 | CB58: 3 | CC58: 2 | CD58: 2 | CE58: 1 | CF58: 1 | CG58: 1 | CH58: 0 | CI58: 3 | CJ58: 0 | CK58: 2 | CL58: 2 | CM58: 1 | CN58: 1 | CO58: 2 | CP58: 0 | CQ58: 3 | CR58: 4 | CS58: 4 | CT58: 2 | CU58: 0 | CV58: 2 | CW58: 2 | CX58: 0 | CY58: 0 | CZ58: 0 | DA58: 1 | DB58: 1 | DC58: 0 | DD58: 0 | DE58: 4 | DF58: 3 | DG58: 2 | DH58: 3 | DI58: 0 | DJ58: 0 | DK58: 0 | DL58: 1 | DM58: 1 | DN58: 1 | DO58: 1 | DP58: 2 | DQ58: 2 | DR58: 0 | DS58: 2 | DT58: 0 | DU58: 0 | DV58: 0 | DW58: 0 | DX58: 1 | DY58: 1 | DZ58: 1 | EA58: 1 | EB58: 0 | EC58: 0 | ED58: 0 | EE58: 0 | EF58: 0 | EG58: 0 | EH58: 0 | EI58: 0 | EJ58: 0 | EK58: 2 | EL58: 0 | EM58: 0 | EN58: 0 | EO58: 0 | EP58: 0 | EQ58: 0 | ER58: 0 | ES58: 1 | ET58: 0 | EU58: 0 | EV58: 0 | EW58: 1 | EX58: 2 | EY58: 1 | EZ58: 0 | FA58: 1 | FB58: 0 | FC58: 0 | FD58: 0 | FE58: 0 | FF58: 3 | FG58: 1 | FH58: 0 | FI58: 0 | FJ58: 0 | FK58: 0 | FL58: 0 | FM58: 0 | FN58: 0 | FO58: 0 | FP58: 1 | FQ58: 3 | FR58: 4 | FS58: 0 | FT58: 0 | FU58: 3 | FV58: 0 | FW58: 3 | FX58: 0 | FY58: 0 | FZ58: 3 | GA58: 0 | GB58: 1 | GD58: 4 | GE58: 0 | GF58: 0 | GG58: 4 | GH58: 2 | GI58: 0 | GJ58: 0 | GK58: 3 | GL58: 0 | GM58: 1 | GN58: 4 | GO58: 4 | GP58: 2 | GQ58: 4 | GR58: 4 | GS58: 2 | GT58: 4 | GU58: 2 | GV58: 2 | GW58: 2 | GX58: 1 | GY58: 1 | GZ58: 2 | HA58: 1 | HB58: 0 | HC58: 0 | HD58: 1 | HE58: 0 | HF58: 1 | HG58: 3 | HH58: 4 | HI58: 2 | HJ58: 0 | HK58: 4 | HL58: 0 | HM58: 0 | HN58: 0 | HO58: 0 | HP58: 0 | HQ58: 2 | HR58: 1 | HS58: 0 | HT58: 0 | HU58: 0 | HV58: 3 | HW58: 2 | HX58: 0 | HY58: 0 | HZ58: 0 | IA58: 4 | IB58: 2 | IC58: 0 | ID58: 3 | IE58: 0 | IF58: 1 | IG58: 0 | IH58: 0 | II58: 0 | IJ58: 0 | IK58: 0 | IL58: 1 | IM58: 0 | IN58: 0 | IO58: 1 | IP58: 2 | IQ58: 2 | IS58: 1 | IT58: 4 | IU58: 3 | IV58: 4 | IW58: 1 | IX58: 0 | IY58: 2 | IZ58: marcada
B59: Mario Andres Limón Guerrerl | C59: Hombre | D59: one | E59: 26 | F59: 26-07-2024 | G59: 17-09-2024 | H59: 04:41 pm | I59: 4 | J59: 3 | K59: 2 | L59: 3 | M59: 2 | N59: 4 | O59: 4 | P59: 3 | Q59: 3 | R59: 0 | S59: 0 | T59: 0 | U59: 0 | V59: 2 | W59: 2 | X59: 0 | Y59: 4 | Z59: 4 | AA59: 4 | AB59: 4 | AC59: 4 | AD59: 4 | AE59: 0 | AF59: 0 | AG59: 0 | AH59: 0 | AI59: 2 | AJ59: 2 | AK59: 2 | AL59: 0 | AM59: 0 | AN59: 0 | AO59: 4 | AP59: 0 | AQ59: 0 | AR59: 0 | AS59: 0 | AT59: 0 | AU59: 3 | AV59: 0 | AW59: 2 | AX59: 0 | AY59: 0 | AZ59: 2 | BA59: 0 | BB59: 2 | BC59: 0 | BD59: 2 | BE59: 3 | BF59: 3 | BG59: 3 | BH59: 3 | BI59: 1 | BJ59: 3 | BK59: 3 | BL59: 0 | BU59: 3 | BV59: 2 | BW59: 3 | BX59: 0 | BY59: 0 | BZ59: 4 | CA59: 2 | CB59: 0 | CC59: 0 | CD59: 0 | CE59: 0 | CF59: 0 | CG59: 0 | CH59: 0 | CI59: 1 | CJ59: 0 | CK59: 0 | CL59: 1 | CM59: 0 | CN59: 0 | CO59: 0 | CP59: 0 | CQ59: 3 | CR59: 3 | CS59: 3 | CT59: 0 | CU59: 0 | CV59: 0 | CW59: 0 | CX59: 0 | CY59: 0 | CZ59: 0 | DA59: 0 | DB59: 0 | DC59: 0 | DD59: 0 | DE59: 2 | DF59: 0 | DG59: 2 | DH59: 0 | DI59: 0 | DJ59: 0 | DK59: 0 | DL59: 0 | DM59: 0 | DN59: 0 | DO59: 3 | DP59: 1 | DQ59: 0 | DR59: 1 | DS59: 0 | DT59: 0 | DU59: 0 | DV59: 4 | DW59: 0 | DX59: 0 | DY59: 0 | DZ59: 0 | EA59: 0 | EB59: 0 | EC59: 0 | ED59: 0 | EE59: 0 | EF59: 0 | EG59: 0 | EH59: 0 | EI59: 0 | EJ59: 0 | EK59: 1 | EL59: 0 | EM59: 0 | EN59: 0 | EO59: 0 | EP59: 0 | EQ59: 0 | ER59: 0 | ES59: 0 | ET59: 0 | EU59: 2 | EV59: 0 | EW59: 3 | EX59: 0 | EY59: 0 | EZ59: 0 | FA59: 0 | FB59: 0 | FC59: 0 | FD59: 0 | FE59: 0 | FF59: 1 | FG59: 0 | FH59: 2 | FI59: 0 | FJ59: 3 | FK59: 0 | FL59: 0 | FM59: 2 | FN59: 0 | FO59: 0 | FP59: 0 | FQ59: 0 | FR59: 0 | FS59: 0 | FT59: 0 | FU59: 2 | FV59: 0 | FW59: 3 | FX59: 0 | FY59: 0 | FZ59: 0 | GA59: 0 | GB59: 1 | GN59: 3 | GO59: 3 | GP59: 1 | GQ59: 0 | GR59: 0 | GS59: 0 | GT59: 0 | GU59: 1 | GV59: 0 | GW59: 0 | GX59: 0 | GY59: 2 | GZ59: 0 | HA59: 0 | HB59: 2 | HC59: 0 | HD59: 0 | HE59: 0 | HF59: 0 | HG59: 0 | HH59: 1 | HI59: 0 | HJ59: 0 | HK59: 3 | HL59: 0 | HM59: 0 | HN59: 0 | HO59: 0 | HP59: 0 | HQ59: 0 | HR59: 0 | HS59: 0 | HT59: 0 | HU59: 0 | HV59: 2 | HW59: 0 | HX59: 0 | HY59: 0 | HZ59: 0 | IA59: 0 | IB59: 0 | IC59: 0 | ID59: 0 | IE59: 0 | IF59: 0 | IG59: 0 | IH59: 0 | II59: 0 | IJ59: 2 | IK59: 0 | IL59: 0 | IM59: 0 | IN59: 0 | IO59: 0 | IP59: 0 | IQ59: 0 | IR59: Cuando pienso en no avanzar en la vida | IS59: 3 | IT59: 1 | IU59: 3 | IV59: 3 | IW59: 0 | IX59: 0 | IY59: 0 | IZ59: marcada
B60: Carmen Elías Gómez Rodríguez | C60: Hombre | D60: Unión-Libre | E60: 25 | F60: 15-04-1999 | G60: 19-09-2024 | H60: 02:37 am | I60: 2 | J60: 2 | K60: 1 | L60: 2 | M60: 3 | N60: 1 | O60: 1 | P60: 2 | Q60: 3 | R60: 3 | S60: 1 | T60: 1 | U60: 3 | V60: 4 | W60: 4 | X60: 2 | Y60: 1 | Z60: 4 | AA60: 2 | AB60: 3 | AC60: 3 | AD60: 3 | AE60: 4 | AF60: 0 | AG60: 0 | AH60: 1 | AI60: 4 | AJ60: 3 | AK60: 2 | AL60: 3 | AM60: 1 | AN60: 0 | AO60: 2 | AP60: 1 | AQ60: 1 | AR60: 1 | AS60: 2 | AT60: 2 | AU60: 4 | AV60: 3 | AW60: 4 | AX60: 2 | AY60: 1 | AZ60: 4 | BA60: 2 | BB60: 3 | BC60: 2 | BD60: 3 | BE60: 2 | BF60: 1 | BG60: 2 | BH60: 3 | BI60: 1 | BJ60: 0 | BK60: 0 | BL60: 0 | BM60: En una reunión social o entrevistas | BN60: 2 | BO60: 2 | BP60: 3 | BQ60: 3 | BR60: 2 | BS60: 1 | BT60: 3 | BU60: 2 | BV60: 3 | BW60: 4 | BX60: 4 | BY60: 3 | BZ60: 4 | CA60: 4 | CB60: 1 | CC60: 1 | CD60: 1 | CE60: 1 | CF60: 2 | CG60: 1 | CH60: 1 | CI60: 2 | CJ60: 2 | CK60: 1 | CL60: 4 | CM60: 3 | CN60: 3 | CO60: 1 | CP60: 2 | CQ60: 4 | CR60: 2 | CS60: 3 | CT60: 2 | CU60: 1 | CV60: 0 | CW60: 1 | CX60: 0 | CY60: 0 | CZ60: 2 | DA60: 3 | DB60: 3 | DC60: 0 | DD60: 0 | DE60: 2 | DF60: 4 | DG60: 4 | DH60: 4 | DI60: 3 | DJ60: 1 | DK60: 2 | DL60: 2 | DM60: 3 | DN60: 1 | DO60: 1 | DP60: 0 | DQ60: 4 | DR60: 4 | DS60: 4 | DT60: 4 | DU60: 2 | DV60: 2 | DW60: 2 | DX60: 4 | DY60: 3 | DZ60: 2 | EA60: 1 | EB60: 2 | EC60: 2 | ED60: 1 | EE60: 1 | EF60: 1 | EG60: 0 | EH60: 0 | EI60: 2 | EJ60: 3 | EK60: 4 | EL60: 3 | EM60: 3 | EN60: 2 | EO60: 1 | EP60: 1 | EQ60: 3 | ER60: 1 | ES60: 3 | ET60: 3 | EU60: 2 | EV60: 2 | EW60: 3 | EX60: 3 | EY60: 3 | EZ60: 2 | FA60: 1 | FB60: 3 | FC60: 3 | FD60: 3 | FE60: 2 | FF60: 1 | FG60: 4 | FH60: 4 | FI60: 4 | FJ60: 4 | FK60: 2 | FL60: 4 | FM60: 3 | FN60: 2 | FO60: 2 | FP60: 1 | FQ60: 1 | FR60: 4 | FS60: 4 | FT60: 2 | FU60: 1 | FV60: 1 | FW60: 2 | FX60: 2 | FY60: 2 | FZ60: 1 | GA60: 2 | GB60: 2 | GC60: En una entrevista de trabajo | GD60: 1 | GE60: 3 | GF60: 3 | GG60: 3 | GH60: 4 | GI60: 4 | GJ60: 3 | GK60: 1 | GL60: 2 | GM60: 2 | GN60: 4 | GO60: 3 | GP60: 4 | GQ60: 1 | GR60: 1 | GS60: 2 | GT60: 3 | GU60: 2 | GV60: 2 | GW60: 2 | GX60: 2 | GY60: 1 | GZ60: 2 | HA60: 3 | HB60: 0 | HC60: 1 | HD60: 2 | HE60: 1 | HF60: 0 | HG60: 0 | HH60: 3 | HI60: 2 | HJ60: 2 | HK60: 3 | HL60: 0 | HM60: 1 | HN60: 0 | HO60: 3 | HP60: 4 | HQ60: 2 | HR60: 2 | HS60: 0 | HT60: 2 | HU60: 2 | HV60: 1 | HW60: 0 | HX60: 1 | HY60: 1 | HZ60: 0 | IA60: 4 | IB60: 0 | IC60: 0 | ID60: 3 | IE60: 1 | IF60: 3 | IG60: 3 | IH60: 0 | II60: 2 | IJ60: 2 | IK60: 2 | IL60: 3 | IM60: 2 | IN60: 0 | IO60: 0 | IP60: 2 | IQ60: 4 | IR60: En una entrevista de trabajo | IS60: 2 | IT60: 4 | IU60: 1 | IV60: 1 | IW60: 3 | IX60: 2 | IY60: 3 | IZ60: marcada
B61: Andrea yulisa Jiménez Pérez | C61: Mujer | D61: Unión-Libre | E61: 18 | F61: 30-11-2024 | G61: 22-09-2024 | H61: 07:23 pm | I61: 4 | J61: 4 | K61: 4 | L61: 4 | M61: 4 | N61: 4 | O61: 4 | P61: 3 | Q61: 2 | R61: 3 | S61: 4 | T61: 1 | U61: 4 | V61: 0 | W61: 4 | X61: 4 | Y61: 4 | Z61: 4 | AA61: 4 | AB61: 4 | AC61: 4 | AD61: 4 | AE61: 4 | AF61: 0 | AG61: 2 | AH61: 0 | AI61: 4 | AJ61: 4 | AK61: 4 | AL61: 4 | AM61: 2 | AN61: 2 | AO61: 4 | AP61: 2 | AQ61: 4 | AR61: 2 | AS61: 2 | AT61: 4 | AU61: 4 | AV61: 4 | AW61: 3 | AX61: 0 | AY61: 0 | AZ61: 4 | BA61: 0 | BB61: 4 | BC61: 4 | BD61: 4 | BE61: 0 | BF61: 2 | BG61: 2 | BH61: 2 | BI61: 2 | BJ61: 4 | BK61: 4 | BL61: 0 | BM61: Soy una persona muy insegura de todo pero demuestro como si tuviera mucha seguridad de mismo | BN61: 2 | BO61: 4 | BP61: 4 | BQ61: 2 | BR61: 4 | BS61: 4 | BT61: 4 | BU61: 2 | BV61: 2 | BW61: 4 | BX61: 4 | BY61: 0 | BZ61: 4 | CA61: 2 | CB61: 4 | CC61: 4 | CD61: 4 | CE61: 2 | CF61: 4 | CG61: 4 | CH61: 4 | CI61: 4 | CJ61: 4 | CK61: 4 | CL61: 4 | CM61: 2 | CN61: 2 | CO61: 0 | CP61: 4 | CQ61: 4 | CR61: 0 | CS61: 1 | CT61: 4 | CU61: 2 | CV61: 4 | CW61: 4 | CX61: 4 | CY61: 4 | CZ61: 2 | DA61: 2 | DB61: 2 | DC61: 0 | DD61: 1 | DE61: 4 | DF61: 4 | DG61: 4 | DH61: 4 | DI61: 4 | DJ61: 4 | DK61: 4 | DL61: 4 | DM61: 4 | DN61: 0 | DO61: 2 | DP61: 4 | DQ61: 4 | DR61: 2 | DS61: 4 | DT61: 4 | DU61: 0 | DV61: 2 | DW61: 2 | DX61: 4 | DY61: 4 | DZ61: 4 | EA61: 4 | EB61: 0 | EC61: 2 | ED61: 0 | EE61: 2 | EF61: 0 | EG61: 0 | EH61: 0 | EI61: 4 | EJ61: 4 | EK61: 4 | EL61: 4 | EM61: 4 | EN61: 0 | EO61: 0 | EP61: 0 | EQ61: 2 | ER61: 0 | ES61: 2 | ET61: 2 | EU61: 4 | EV61: 4 | EW61: 4 | EX61: 4 | EY61: 4 | EZ61: 2 | FA61: 4 | FB61: 2 | FC61: 4 | FD61: 2 | FE61: 2 | FF61: 4 | FG61: 4 | FH61: 2 | FI61: 4 | FJ61: 4 | FK61: 4 | FL61: 4 | FM61: 4 | FN61: 0 | FO61: 4 | FP61: 4 | FQ61: 2 | FR61: 4 | FS61: 4 | FT61: 0 | FU61: 2 | FV61: 2 | FW61: 0 | FX61: 2 | FY61: 2 | FZ61: 0 | GA61: 2 | GB61: 4 | GD61: 2 | GE61: 0 | GF61: 4 | GG61: 4 | GH61: 4 | GI61: 4 | GJ61: 4 | GK61: 0 | GL61: 4 | GM61: 4 | GN61: 4 | GO61: 4 | GP61: 4 | GQ61: 4 | GR61: 4 | GS61: 2 | GT61: 4 | GU61: 0 | GV61: 4 | GW61: 4 | GX61: 4 | GY61: 0 | GZ61: 4 | HA61: 4 | HB61: 1 | HC61: 0 | HD61: 4 | HE61: 0 | HF61: 2 | HG61: 0 | HH61: 4 | HI61: 0 | HJ61: 2 | HK61: 4 | HL61: 0 | HM61: 4 | HN61: 0 | HO61: 4 | HP61: 0 | HQ61: 4 | HR61: 2 | HS61: 0 | HT61: 0 | HU61: 0 | HV61: 4 | HW61: 0 | HX61: 0 | HY61: 2 | HZ61: 2 | IA61: 4 | IB61: 0 | IC61: 0 | ID61: 4 | IE61: 0 | IF61: 4 | IG61: 2 | IH61: 0 | II61: 0 | IJ61: 2 | IK61: 2 | IL61: 4 | IM61: 0 | IN61: 0 | IO61: 4 | IP61: 0 | IQ61: 4 | IR61: Cuando duermo en ocasiones me cuesta dos tres horas para que me entre sueño y estando en la cama y comienza a hacer movimientos me comienza a doler todo el cuerpo a desesperarme | IS61: 1 | IT61: 4 | IU61: 0 | IV61: 2 | IW61: 4 | IX61: 4 | IY61: 4 | IZ61: marcada
B62: Edgar Nava | C62: Hombre | D62: Unión-Libre | E62: 24 | F62: 08-01-2000 | G62: 27-09-2024 | H62: 11:45 am | I62: 1 | J62: 1 | K62: 3 | L62: 1 | M62: 2 | N62: 3 | O62: 0 | P62: 1 | Q62: 0 | R62: 3 | S62: 0 | T62: 3 | U62: 3 | V62: 4 | W62: 2 | X62: 2 | Y62: 3 | Z62: 3 | AA62: 0 | AB62: 1 | AC62: 0 | AD62: 3 | AE62: 0 | AF62: 3 | AG62: 2 | AH62: 3 | AI62: 4 | AJ62: 3 | AK62: 0 | AL62: 3 | AM62: 0 | AN62: 1 | AO62: 2 | AP62: 0 | AQ62: 2 | AR62: 2 | AS62: 2 | AT62: 2 | AU62: 3 | AV62: 2 | AW62: 3 | AX62: 3 | AY62: 0 | AZ62: 3 | BA62: 2 | BB62: 3 | BC62: 0 | BD62: 3 | BE62: 2 | BF62: 3 | BG62: 2 | BH62: 3 | BI62: 2 | BJ62: 3 | BK62: 2 | BL62: 1 | BN62: 0 | BO62: 0 | BP62: 0 | BQ62: 1 | BR62: 0 | BS62: 1 | BT62: 1 | BU62: 3 | BV62: 3 | BW62: 0 | BX62: 3 | BY62: 0 | BZ62: 1 | CA62: 0 | CB62: 3 | CC62: 3 | CD62: 0 | CE62: 1 | CF62: 1 | CG62: 0 | CH62: 2 | CI62: 2 | CJ62: 1 | CK62: 2 | CL62: 1 | CM62: 2 | CN62: 2 | CO62: 1 | CP62: 2 | CQ62: 1 | CR62: 2 | CS62: 1 | CT62: 2 | CU62: 1 | CV62: 2 | CW62: 1 | CX62: 2 | CY62: 1 | CZ62: 0 | DA62: 2 | DB62: 1 | DC62: 1 | DD62: 1 | DE62: 0 | DF62: 1 | DG62: 1 | DH62: 2 | DI62: 1 | DJ62: 0 | DK62: 1 | DL62: 1 | DM62: 0 | DN62: 1 | DO62: 1 | DP62: 3 | DQ62: 2 | DR62: 1 | DS62: 2 | DT62: 1 | DU62: 1 | DV62: 0 | DW62: 1 | DX62: 2 | DY62: 1 | DZ62: 2 | EA62: 0 | EB62: 1 | EC62: 2 | ED62: 0 | EE62: 2 | EF62: 1 | EG62: 2 | EH62: 1 | EI62: 0 | EJ62: 1 | EK62: 0 | EL62: 0 | EM62: 2 | EN62: 0 | EO62: 2 | EP62: 1 | EQ62: 1 | ER62: 0 | ES62: 0 | ET62: 0 | EU62: 1 | EV62: 0 | EW62: 1 | EX62: 2 | EY62: 0 | EZ62: 1 | FA62: 2 | FB62: 0 | FC62: 1 | FD62: 2 | FE62: 1 | FF62: 2 | FG62: 2 | FH62: 2 | FI62: 1 | FJ62: 0 | FK62: 1 | FL62: 1 | FM62: 0 | FN62: 1 | FO62: 0 | FP62: 1 | FQ62: 0 | FR62: 1 | FS62: 0 | FT62: 0 | FU62: 2 | FV62: 1 | FW62: 0 | FX62: 0 | FY62: 1 | FZ62: 1 | GA62: 1 | GB62: 0 | GD62: 1 | GE62: 2 | GF62: 0 | GG62: 1 | GH62: 2 | GI62: 1 | GJ62: 1 | GK62: 0 | GL62: 1 | GM62: 1 | GN62: 1 | GO62: 1 | GP62: 0 | GQ62: 1 | GR62: 2 | GS62: 1 | GT62: 2 | GU62: 1 | GV62: 2 | GW62: 1 | GX62: 1 | GY62: 2 | GZ62: 3 | HA62: 2 | HB62: 3 | HC62: 2 | HD62: 3 | HE62: 2 | HF62: 3 | HG62: 3 | HH62: 1 | HI62: 0 | HJ62: 0 | HK62: 3 | HL62: 1 | HM62: 1 | HN62: 1 | HO62: 2 | HP62: 2 | HQ62: 2 | HR62: 1 | HS62: 2 | HT62: 1 | HU62: 2 | HV62: 3 | HW62: 2 | HX62: 1 | HY62: 0 | HZ62: 0 | IA62: 2 | IB62: 1 | IC62: 0 | ID62: 1 | IE62: 2 | IF62: 0 | IG62: 2 | IH62: 1 | II62: 1 | IJ62: 1 | IK62: 1 | IL62: 0 | IM62: 2 | IN62: 1 | IO62: 2 | IP62: 1 | IQ62: 0 | IS62: 2 | IT62: 2 | IU62: 2 | IV62: 1 | IW62: 2 | IX62: 2 | IY62: 1 | IZ62: marcada
B63: Miguel Angel Romero Olivares | C63: Hombre | D63: two | E63: 29 | F63: 30-06-1995 | G63: 02-10-2024 | H63: 06:32 pm | I63: 3 | J63: 3 | K63: 0 | L63: 1 | M63: 2 | N63: 2 | O63: 2 | P63: 2 | Q63: 1 | R63: 1 | S63: 1 | T63: 1 | U63: 0 | V63: 1 | W63: 0 | X63: 1 | Y63: 1 | Z63: 1 | AA63: 4 | AB63: 4 | AC63: 4 | AD63: 4 | AE63: 1 | AF63: 1 | AG63: 1 | AH63: 1 | AI63: 3 | AJ63: 3 | AK63: 3 | AL63: 3 | AM63: 0 | AN63: 1 | AO63: 1 | AP63: 2 | AQ63: 1 | AR63: 1 | AS63: 1 | AT63: 1 | AU63: 1 | AV63: 1 | AW63: 4 | AX63: 4 | AY63: 4 | AZ63: 4 | BA63: 4 | BB63: 0 | BC63: 0 | BD63: 1 | BE63: 1 | BF63: 1 | BG63: 1 | BH63: 1 | BI63: 1 | BJ63: 1 | BK63: 1 | BL63: 1 | BN63: 3 | BO63: 1 | BP63: 1 | BQ63: 1 | BR63: 3 | BS63: 1 | BT63: 1 | BU63: 2 | BV63: 1 | BW63: 2 | BX63: 1 | BY63: 1 | BZ63: 0 | CA63: 0 | CB63: 0 | CC63: 2 | CD63: 0 | CE63: 0 | CF63: 1 | CG63: 0 | CH63: 0 | CI63: 2 | CJ63: 0 | CK63: 0 | CL63: 2 | CM63: 2 | CN63: 0 | CO63: 2 | CP63: 0 | CQ63: 0 | CR63: 0 | CS63: 2 | CT63: 0 | CU63: 0 | CV63: 1 | CW63: 1 | CX63: 0 | CY63: 0 | CZ63: 1 | DA63: 1 | DB63: 0 | DC63: 1 | DD63: 0 | DE63: 1 | DF63: 1 | DG63: 2 | DH63: 2 | DI63: 2 | DJ63: 2 | DK63: 2 | DL63: 2 | DM63: 0 | DN63: 0 | DO63: 0 | DP63: 3 | DQ63: 3 | DR63: 2 | DS63: 2 | DT63: 1 | DU63: 1 | DV63: 0 | DW63: 0 | DX63: 0 | DY63: 0 | DZ63: 2 | EA63: 0 | EB63: 2 | EC63: 2 | ED63: 2 | EE63: 2 | EF63: 2 | EG63: 2 | EH63: 0 | EI63: 1 | EJ63: 1 | EK63: 1 | EL63: 1 | EM63: 1 | EN63: 0 | EO63: 0 | EP63: 0 | EQ63: 2 | ER63: 2 | ES63: 2 | ET63: 2 | EU63: 2 | EV63: 0 | EW63: 2 | EX63: 2 | EY63: 2 | EZ63: 2 | FA63: 2 | FB63: 0 | FC63: 2 | FD63: 2 | FE63: 2 | FF63: 2 | FG63: 0 | FH63: 2 | FI63: 2 | FJ63: 0 | FK63: 4 | FL63: 4 | FM63: 4 | FN63: 4 | FO63: 4 | FP63: 4 | FQ63: 2 | FR63: 2 | FS63: 2 | FT63: 0 | FU63: 1 | FV63: 0 | FW63: 0 | FX63: 0 | FY63: 0 | FZ63: 0 | GA63: 0 | GB63: 2 | GC63: Le tengo pánico alas alturas | GD63: 1 | GE63: 0 | GF63: 0 | GG63: 2 | GH63: 2 | GI63: 1 | GJ63: 1 | GK63: 1 | GL63: 0 | GM63: 0 | GN63: 2 | GO63: 2 | GP63: 2 | GQ63: 2 | GR63: 2 | GS63: 0 | GT63: 2 | GU63: 4 | GV63: 2 | GW63: 2 | GX63: 1 | GY63: 4 | GZ63: 2 | HA63: 2 | HB63: 0 | HC63: 2 | HD63: 1 | HE63: 2 | HF63: 2 | HG63: 0 | HH63: 1 | HI63: 2 | HJ63: 1 | HK63: 2 | HL63: 2 | HM63: 2 | HN63: 2 | HO63: 2 | HP63: 2 | HQ63: 2 | HR63: 4 | HS63: 4 | HT63: 4 | HU63: 4 | HV63: 0 | HW63: 2 | HX63: 0 | HY63: 0 | HZ63: 2 | IA63: 2 | IB63: 2 | IC63: 0 | ID63: 2 | IE63: 2 | IF63: 3 | IG63: 2 | IH63: 0 | II63: 2 | IJ63: 1 | IK63: 1 | IL63: 2 | IM63: 3 | IN63: 2 | IO63: 2 | IP63: 3 | IQ63: 3 | IR63: Cuando e tenido problemas estoy fumando mucho para calmar los nervios | IS63: 0 | IT63: 2 | IU63: 2 | IV63: 4 | IW63: 2 | IX63: 1 | IY63: 0 | IZ63: marcada
B64: Jesús Francisco Alvarado cedillo | C64: Hombre | D64: two | E64: 49 | F64: 12-01-1975 | G64: 07-10-2024 | H64: 11:45 am | I64: 3 | J64: 1 | K64: 4 | L64: 3 | M64: 3 | N64: 4 | O64: 4 | P64: 3 | Q64: 3 | R64: 0 | S64: 0 | T64: 0 | U64: 0 | V64: 0 | W64: 2 | X64: 1 | Y64: 3 | Z64: 2 | AA64: 0 | AB64: 0 | AC64: 0 | AD64: 0 | AE64: 4 | AF64: 0 | AG64: 0 | AH64: 0 | AI64: 2 | AJ64: 2 | AK64: 2 | AL64: 2 | AM64: 0 | AN64: 0 | AO64: 2 | AP64: 0 | AQ64: 2 | AR64: 1 | AS64: 2 | AT64: 1 | AU64: 2 | AV64: 2 | AW64: 0 | AX64: 0 | AY64: 0 | AZ64: 0 | BA64: 0 | BB64: 2 | BC64: 2 | BD64: 2 | BE64: 0 | BF64: 0 | BG64: 0 | BH64: 0 | BI64: 0 | BJ64: 2 | BK64: 2 | BL64: 2 | BM64: Sentimientos de rechazo, abandono, culpa, de no validez, de que lo que hago no es valioso para mí esposa | BN64: 4 | BO64: 4 | BP64: 4 | BQ64: 4 | BR64: 4 | BS64: 4 | BT64: 4 | BU64: 1 | BV64: 1 | BW64: 2 | BX64: 0 | BY64: 1 | BZ64: 0 | CA64: 0 | CB64: 3 | CC64: 1 | CD64: 1 | CE64: 1 | CF64: 2 | CG64: 0 | CH64: 0 | CI64: 2 | CJ64: 0 | CK64: 0 | CL64: 1 | CM64: 1 | CN64: 0 | CO64: 2 | CP64: 0 | CQ64: 1 | CR64: 0 | CS64: 0 | CT64: 0 | CU64: 0 | CV64: 0 | CW64: 0 | CX64: 0 | CY64: 0 | CZ64: 0 | DA64: 0 | DB64: 0 | DC64: 0 | DD64: 0 | DE64: 2 | DF64: 1 | DG64: 1 | DH64: 1 | DI64: 0 | DJ64: 2 | DK64: 0 | DL64: 1 | DM64: 0 | DN64: 2 | DO64: 0 | DP64: 1 | DQ64: 0 | DR64: 0 | DS64: 0 | DT64: 0 | DU64: 0 | DV64: 0 | DW64: 0 | DX64: 3 | DY64: 3 | DZ64: 0 | EA64: 0 | EB64: 0 | EC64: 0 | ED64: 0 | EE64: 0 | EF64: 0 | EG64: 0 | EH64: 0 | EI64: 0 | EJ64: 1 | EK64: 1 | EL64: 0 | EM64: 0 | EN64: 0 | EO64: 0 | EP64: 0 | EQ64: 1 | ER64: 0 | ES64: 0 | ET64: 0 | EU64: 2 | EV64: 2 | EW64: 2 | EX64: 2 | EY64: 0 | EZ64: 0 | FA64: 0 | FB64: 0 | FC64: 0 | FD64: 0 | FE64: 0 | FF64: 2 | FG64: 2 | FH64: 0 | FI64: 0 | FJ64: 0 | FK64: 0 | FL64: 0 | FM64: 0 | FN64: 0 | FO64: 0 | FP64: 0 | FQ64: 1 | FR64: 1 | FS64: 0 | FT64: 1 | FU64: 0 | FV64: 0 | FW64: 0 | FX64: 0 | FY64: 0 | FZ64: 0 | GA64: 0 | GB64: 0 | GC64: Al querer hablar de algún tema con mi esposa | GD64: 3 | GE64: 1 | GF64: 1 | GG64: 1 | GH64: 3 | GI64: 2 | GJ64: 0 | GK64: 1 | GL64: 0 | GM64: 0 | GN64: 2 | GO64: 2 | GP64: 1 | GQ64: 2 | GR64: 2 | GS64: 0 | GT64: 1 | GU64: 0 | GV64: 3 | GW64: 2 | GX64: 1 | GY64: 1 | GZ64: 2 | HA64: 1 | HB64: 0 | HC64: 1 | HD64: 2 | HE64: 0 | HF64: 0 | HG64: 0 | HH64: 2 | HI64: 1 | HJ64: 2 | HK64: 2 | HL64: 2 | HM64: 2 | HN64: 0 | HO64: 2 | HP64: 2 | HQ64: 2 | HR64: 0 | HS64: 0 | HT64: 0 | HU64: 0 | HV64: 2 | HW64: 2 | HX64: 0 | HY64: 0 | HZ64: 0 | IA64: 2 | IB64: 2 | IC64: 1 | ID64: 0 | IE64: 0 | IF64: 0 | IG64: 0 | IH64: 0 | II64: 0 | IJ64: 0 | IK64: 0 | IL64: 0 | IM64: 0 | IN64: 0 | IO64: 0 | IP64: 0 | IQ64: 1 | IR64: Al estar separado de mi esposa | IS64: 4 | IT64: 3 | IU64: 2 | IV64: 3 | IW64: 3 | IX64: 3 | IY64: 3 | IZ64: marcada
B65: JOANNA GUADALUPE HERRERA GONZÁLEZ | C65: Mujer | D65: one | E65: 28 | F65: 05-05-1996 | G65: 07-10-2024 | H65: 07:30 pm | I65: 3 | J65: 4 | K65: 3 | L65: 4 | M65: 3 | N65: 4 | O65: 4 | P65: 4 | Q65: 3 | R65: 3 | S65: 2 | T65: 2 | U65: 2 | V65: 4 | W65: 4 | X65: 4 | Y65: 4 | Z65: 4 | AA65: 2 | AB65: 2 | AC65: 2 | AD65: 2 | AE65: 4 | AF65: 0 | AG65: 1 | AH65: 0 | AI65: 3 | AJ65: 3 | AK65: 3 | AL65: 3 | AM65: 0 | AN65: 4 | AO65: 4 | AP65: 2 | AQ65: 0 | AR65: 0 | AS65: 1 | AT65: 2 | AU65: 0 | AV65: 1 | AW65: 2 | AX65: 4 | AY65: 4 | AZ65: 4 | BA65: 2 | BB65: 3 | BC65: 2 | BD65: 3 | BE65: 4 | BF65: 4 | BG65: 4 | BH65: 3 | BI65: 4 | BJ65: 3 | BK65: 4 | BL65: 4 | BM65: Cuando recuerdo de algun error que cometí en el pasado, a la hora de dormir no puedo dejar de estar pensando en ello | BN65: 2 | BO65: 2 | BP65: 4 | BR65: 2 | BS65: 4 | BT65: 4 | BU65: 2 | BV65: 2 | BW65: 3 | BX65: 0 | BY65: 0 | BZ65: 2 | CA65: 0 | CB65: 3 | CC65: 2 | CD65: 0 | CE65: 4 | CF65: 4 | CG65: 4 | CH65: 0 | CI65: 3 | CJ65: 0 | CK65: 0 | CL65: 4 | CM65: 4 | CN65: 0 | CO65: 0 | CP65: 0 | CQ65: 4 | CR65: 1 | CS65: 1 | CT65: 1 | CU65: 0 | CV65: 2 | CW65: 2 | CX65: 0 | CY65: 0 | CZ65: 0 | DA65: 3 | DB65: 1 | DC65: 0 | DD65: 0 | DE65: 4 | DF65: 0 | DG65: 4 | DH65: 4 | DI65: 0 | DJ65: 0 | DK65: 0 | DL65: 0 | DM65: 0 | DN65: 0 | DO65: 0 | DP65: 4 | DQ65: 0 | DR65: 1 | DS65: 2 | DT65: 0 | DU65: 0 | DV65: 0 | DW65: 2 | DX65: 3 | DY65: 3 | DZ65: 2 | EA65: 0 | EB65: 0 | EC65: 0 | ED65: 1 | EE65: 1 | EF65: 1 | EG65: 1 | EH65: 0 | EI65: 0 | EJ65: 0 | EK65: 2 | EL65: 2 | EM65: 0 | EN65: 0 | EO65: 0 | EP65: 0 | EQ65: 0 | ER65: 1 | ES65: 1 | ET65: 0 | EU65: 0 | EV65: 0 | EW65: 2 | EX65: 4 | EY65: 2 | EZ65: 0 | FA65: 0 | FB65: 0 | FC65: 0 | FD65: 2 | FE65: 1 | FF65: 2 | FG65: 0 | FH65: 2 | FI65: 0 | FJ65: 0 | FK65: 0 | FL65: 2 | FM65: 2 | FN65: 4 | FO65: 0 | FP65: 2 | FQ65: 4 | FR65: 4 | FS65: 0 | FT65: 0 | FU65: 4 | FV65: 0 | FW65: 4 | FX65: 4 | FY65: 1 | FZ65: 0 | GA65: 0 | GB65: 3 | GC65: Cuando conozco a alguien y digo algo incorrecto no puedo evitar estar pensando en lo sucedido, nor.almente me duele el estómago y la cabeza de tabto pensar | GD65: 4 | GE65: 0 | GF65: 0 | GG65: 2 | GH65: 4 | GI65: 2 | GJ65: 0 | GK65: 0 | GL65: 0 | GM65: 0 | GN65: 2 | GO65: 2 | GP65: 4 | GQ65: 4 | GR65: 4 | GS65: 2 | GT65: 2 | GU65: 3 | GV65: 2 | GW65: 0 | GX65: 4 | GY65: 3 | GZ65: 0 | HA65: 4 | HB65: 2 | HC65: 3 | HD65: 2 | HE65: 0 | HF65: 0 | HG65: 0 | HH65: 0 | HI65: 4 | HJ65: 2 | HK65: 0 | HL65: 2 | HM65: 4 | HN65: 0 | HO65: 0 | HP65: 4 | HQ65: 3 | HR65: 0 | HS65: 0 | HT65: 0 | HU65: 0 | HV65: 4 | HW65: 3 | HX65: 0 | HY65: 0 | HZ65: 1 | IA65: 3 | IB65: 3 | IC65: 0 | ID65: 0 | IE65: 0 | IF65: 0 | IG65: 0 | IH65: 0 | II65: 1 | IJ65: 0 | IK65: 2 | IL65: 4 | IM65: 2 | IN65: 3 | IO65: 0 | IP65: 2 | IQ65: 3 | IR65: Hago escenarios ficticios en mi mente y me po go a llorar | IS65: 4 | IT65: 2 | IU65: 3 | IV65: 2 | IW65: 1 | IX65: 2 | IY65: 2 | IZ65: marcada
