Workbook

Sheet DATOS
A1: ID|number-2 | B1: Nombre completo|name-1 | C1: Sexo|select-1 | D1: Estado Civil|select-2 | E1: Edad|number-1 | F1: Fecha de nacimiento|date-1 | G1: Fecha de realización de la evaluación|date-2 | H1: 1- A pesar de haber dormido durante la noche, siente sueño durante el día.|radio-1 | I1: 2 - Se siente con sueño durante el día|radio-2 | J1: 3 - Se siente cansado aunque haya dormido suficiente tiempo.|radio-3 | K1: 4 - Siente muchas ganas de dormir durante el día.|radio-4 | L1: 5 - Qué tan seguido ha sentido somnolencia excesiva durante el día.|radio-5 | M1: 6 - Se despierta dos o tres horas antes de lo acostumbrado y tiene dificultades para volver a dormir.|radio-6 | N1: 7 - Se despierta antes de su horario habitual y ya no se puede quedar dormido nuevamente.|radio-7 | O1: 8 - Se despierta durante la noche con dificultades para volver a dormir|radio-8 | P1: 9 - Se despierta a mitad de la noche y no consigue volver a dormir|radio-9 | Q1: 10 - Al acostarse, permanece despierto una hora o más antes de dormir|radio-10 | R1: 11 - Tarda en quedarse dormido después de que se acuesta|radio-11 | S1: 12 - Tiene dificultades para quedarse dormido|radio-12 | T1: 13 - Tiene insomnio|radio-13 | U1: 14 - Se sofoca o se atraganta mientras duerme|radio-14 | V1: 15 - Ha sentido que se detiene su respiración mientras duerme|radio-15 | W1: 16 - Ha sentido dificultad para respirar en las noches|radio-16 | X1: 17 Ha sentido que no puede moverse o se siente paralizado al empezar al despertarse|radio-17 | Y1: 18 - Se orina en la cama|radio-18 | Z1: 19 - Rechinan los dientes cuando está dormido|radio-19 | AA1: 20 - Le han comentado que camina dormido|radio-20 | AB1: 21 - Ha presentado sonambulismo|radio-21 | AC1: 22 - Habla dormido|radio-22 | AD1: 23 - Le han comentado que ronca mientras duerme|radio-23 | AE1: 24 - Ronca|radio-24 | AF1: 25 - Por la noche me duelen las piernas o se me acalambren|radio-25 | AG1: 26 - Cuando intenta dormir siente dolor o cosquilleo en las piernas|radio-26 | AH1: 27 - Tiene pesadillas|radio-27 | AI1: 28 - Consume medicamentos que le quitan el sueño|radio-28 | AJ1: 29 - Consume medicamentos para conciliar el sueño|radio-29 | AK1: 30 - Ha sentido que no puede moverse o se siente paralizado al empezar a dormir|radio-30 | AL1: TDS Somnolencia excesiva diurna 1 2 3 4 5|calculation-11 | AM1: TDS Insomnio Intermedio 9 13|calculation-12 | AN1: TDS Insomnio Terminal 6 7|calculation-21 | AO1: TDS Insomnio Inicial 10 11 12|calculation-13 | AP1: TDS Apnea Obstructiva 14 15 16|calculation-14 | AQ1: TDS Parálisis del dormir 17 30|calculation-15 | AR1: TDS Enuresis 18|calculation-22 | AS1: TDS Bruxismo 19|calculation-23 | AT1: TDS Sonambulismo 20 21|calculation-16 | AU1: TDS Somniloquio 22|calculation-24 | AV1: TDS Ronquido 23 24|calculation-17 | AW1: TDS Piernas inquietas 25 26|calculation-18 | AX1: TDS Pesadillas 27|calculation-25 | AY1: TDS Uso de medicamentos hipnóticos 28|calculation-19 | AZ1: TDS Uso de medicamentos estimulantes 29|calculation-26
B2: Jesus Manuel cabello rodarte | C2: Masculino | D2: Unión-Libre | E2: 12 | F2: 08-07-2011 | G2: 07-06-2024 | H2: 4 | I2: 4 | J2: 4 | K2: 4 | L2: 2 | M2: 0 | N2: 0 | O2: 0 | P2: 0 | Q2: 3 | R2: 4 | S2: 4 | T2: 1 | U2: 0 | V2: 0 | W2: 0 | X2: 1 | Y2: 0 | Z2: 0 | AA2: 0 | AB2: 0 | AC2: 0 | AD2: 0 | AE2: 0 | AF2: 1 | AG2: 0 | AH2: 0 | AI2: 0 | AJ2: 0 | AK2: 0 | AL2: 18 | AM2: 1 | AN2: 0 | AO2: 11 | AP2: 0 | AQ2: 1 | AR2: 0 | AS2: 0 | AT2: 0 | AU2: 0 | AV2: 0 | AW2: 1 | AX2: 0 | AY2: 0 | AZ2: 0
B3: María Fernanda Nieto peña | C3: Femenino | D3: Soltero/a | E3: 25 | F3: 03-05-1999 | G3: 10-06-2024 | H3: 4 | I3: 4 | J3: 3 | K3: 4 | L3: 3 | M3: 0 | N3: 1 | O3: 2 | P3: 1 | Q3: 2 | R3: 0 | S3: 0 | T3: 1 | U3: 0 | V3: 0 | W3: 0 | X3: 0 | Y3: 0 | Z3: 0 | AA3: 0 | AB3: 0 | AC3: 0 | AD3: 1 | AE3: 1 | AF3: 0 | AG3: 0 | AH3: 1 | AI3: 0 | AJ3: 0 | AK3: 0 | AL3: 18 | AM3: 2 | AN3: 1 | AO3: 2 | AP3: 0 | AQ3: 0 | AR3: 0 | AS3: 0 | AT3: 0 | AU3: 0 | AV3: 2 | AW3: 0 | AX3: 1 | AY3: 0 | AZ3: 0
B4: Yatzil Malillany García Martinez | C4: Masculino | D4: Soltero/a | E4: 14 | F4: 04-03-2010 | G4: 16-06-2024 | H4: 3 | I4: 3 | J4: 3 | K4: 3 | L4: 2 | M4: 4 | N4: 4 | O4: 4 | P4: 4 | Q4: 3 | R4: 4 | S4: 4 | T4: 4 | U4: 2 | V4: 3 | W4: 3 | X4: 2 | Y4: 0 | Z4: 0 | AA4: 3 | AB4: 2 | AC4: 2 | AD4: 0 | AE4: 0 | AF4: 3 | AG4: 0 | AH4: 3 | AI4: 0 | AJ4: 3 | AK4: 2 | AL4: 14 | AM4: 8 | AN4: 8 | AO4: 11 | AP4: 8 | AQ4: 4 | AR4: 0 | AS4: 0 | AT4: 5 | AU4: 2 | AV4: 0 | AW4: 3 | AX4: 3 | AY4: 0 | AZ4: 3
B5: ARTURO BETANCOURT SANCHEZ | C5: Masculino | D5: Casado/a | E5: 52 | F5: 05-11-1971 | G5: 18-06-2024 | H5: 0 | I5: 0 | J5: 0 | K5: 0 | L5: 0 | M5: 0 | N5: 0 | O5: 0 | P5: 0 | Q5: 1 | R5: 1 | S5: 1 | T5: 1 | U5: 0 | V5: 0 | W5: 0 | X5: 0 | Y5: 0 | Z5: 2 | AA5: 0 | AB5: 0 | AC5: 1 | AD5: 2 | AE5: 2 | AF5: 0 | AG5: 0 | AH5: 0 | AI5: 0 | AJ5: 0 | AK5: 1 | AL5: 0 | AM5: 1 | AN5: 0 | AO5: 3 | AP5: 0 | AQ5: 1 | AR5: 0 | AS5: 2 | AT5: 0 | AU5: 1 | AV5: 4 | AW5: 0 | AX5: 0 | AY5: 0 | AZ5: 0
B6: Luis Gonzalez | C6: Masculino | D6: Soltero/a | E6: 18 | F6: 18-06-2005 | G6: 18-06-2024 | H6: 3 | I6: 3 | J6: 3 | K6: 3 | L6: 3 | M6: 1 | N6: 2 | O6: 1 | P6: 0 | Q6: 1 | R6: 1 | S6: 1 | T6: 1 | U6: 0 | V6: 0 | W6: 0 | X6: 2 | Y6: 0 | Z6: 2 | AA6: 0 | AB6: 0 | AC6: 2 | AD6: 1 | AE6: 0 | AF6: 3 | AG6: 2 | AH6: 4 | AI6: 0 | AJ6: 2 | AK6: 0 | AL6: 15 | AM6: 1 | AN6: 3 | AO6: 3 | AP6: 0 | AQ6: 2 | AR6: 0 | AS6: 2 | AT6: 0 | AU6: 2 | AV6: 1 | AW6: 5 | AX6: 4 | AY6: 0 | AZ6: 2
B7: Paola Lizbeth Castañeda Araiza | C7: Femenino | D7: Soltero/a | E7: 2718 | F7: 29-07-1996 | G7: 21-06-2024 | H7: 2 | I7: 2 | J7: 2 | K7: 2 | L7: 1 | M7: 1 | N7: 2 | O7: 2 | P7: 1 | Q7: 1 | R7: 2 | S7: 2 | T7: 0 | U7: 0 | V7: 0 | W7: 0 | X7: 0 | Y7: 0 | Z7: 0 | AA7: 0 | AB7: 0 | AC7: 0 | AD7: 1 | AE7: 1 | AF7: 2 | AG7: 0 | AH7: 1 | AI7: 0 | AJ7: 0 | AK7: 0 | AL7: 9 | AM7: 1 | AN7: 3 | AO7: 5 | AP7: 0 | AQ7: 0 | AR7: 0 | AS7: 0 | AT7: 0 | AU7: 0 | AV7: 2 | AW7: 2 | AX7: 1 | AY7: 0 | AZ7: 0
B8: Ricardo Misael Linares Rivera | C8: Masculino | D8: Soltero/a | E8: 12 | F8: 30-07-2011 | G8: 08-07-2024 | H8: 1 | I8: 0 | J8: 1 | K8: 0 | L8: 0 | M8: 0 | N8: 0 | O8: 0 | P8: 0 | Q8: 1 | R8: 1 | S8: 1 | T8: 0 | U8: 0 | V8: 0 | W8: 0 | X8: 0 | Y8: 0 | Z8: 0 | AA8: 0 | AB8: 0 | AC8: 1 | AD8: 1 | AE8: 1 | AF8: 0 | AG8: 0 | AH8: 0 | AI8: 0 | AJ8: 0 | AK8: 0 | AL8: 2 | AM8: 0 | AN8: 0 | AO8: 3 | AP8: 0 | AQ8: 0 | AR8: 0 | AS8: 0 | AT8: 0 | AU8: 1 | AV8: 2 | AW8: 0 | AX8: 0 | AY8: 0 | AZ8: 0
B9: Mariana Gelinas Martín del Campo | C9: Femenino | D9: Soltero/a | E9: 24 | F9: 07-10-1999 | G9: 12-08-2024 | H9: 3 | I9: 3 | J9: 4 | K9: 3 | L9: 3 | M9: 1 | N9: 0 | O9: 0 | P9: 0 | Q9: 3 | R9: 4 | S9: 2 | T9: 0 | U9: 0 | V9: 0 | W9: 0 | X9: 0 | Y9: 0 | Z9: 0 | AA9: 0 | AB9: 0 | AC9: 3 | AD9: 0 | AE9: 0 | AF9: 0 | AG9: 0 | AH9: 0 | AI9: 0 | AJ9: 0 | AK9: 0 | AL9: 16 | AM9: 0 | AN9: 1 | AO9: 9 | AP9: 0 | AQ9: 0 | AR9: 0 | AS9: 0 | AT9: 0 | AU9: 3 | AV9: 0 | AW9: 0 | AX9: 0 | AY9: 0 | AZ9: 0
B10: Carla Victoria García Reyes | C10: Femenino | D10: Unión-Libre | E10: 25 | F10: 15-12-1998 | G10: 12-08-2024 | H10: 2 | I10: 2 | J10: 3 | K10: 3 | L10: 2 | M10: 1 | N10: 0 | O10: 1 | P10: 0 | Q10: 0 | R10: 1 | S10: 1 | T10: 1 | U10: 1 | V10: 0 | W10: 0 | X10: 1 | Y10: 0 | Z10: 1 | AA10: 1 | AB10: 1 | AC10: 2 | AD10: 1 | AE10: 0 | AF10: 1 | AG10: 0 | AH10: 1 | AI10: 0 | AJ10: 0 | AK10: 1 | AL10: 12 | AM10: 1 | AN10: 1 | AO10: 2 | AP10: 1 | AQ10: 2 | AR10: 0 | AS10: 1 | AT10: 2 | AU10: 2 | AV10: 1 | AW10: 1 | AX10: 1 | AY10: 0 | AZ10: 0
B11: Selene Cecilia Moncada Reyes | C11: Femenino | D11: Soltero/a | E11: 24 | F11: 09-09-1999 | G11: 20-08-2024 | H11: 2 | I11: 3 | J11: 2 | K11: 3 | L11: 2 | M11: 2 | N11: 2 | O11: 3 | P11: 2 | Q11: 3 | R11: 3 | S11: 2 | T11: 1 | U11: 0 | V11: 1 | W11: 0 | X11: 0 | Y11: 0 | Z11: 1 | AA11: 0 | AB11: 0 | AC11: 0 | AD11: 0 | AE11: 0 | AF11: 1 | AG11: 1 | AH11: 2 | AI11: 0 | AJ11: 0 | AK11: 0 | AL11: 12 | AM11: 3 | AN11: 4 | AO11: 8 | AP11: 1 | AQ11: 0 | AR11: 0 | AS11: 1 | AT11: 0 | AU11: 0 | AV11: 0 | AW11: 2 | AX11: 2 | AY11: 0 | AZ11: 0
B12: Aide Maribel cedillo Valverde | C12: Femenino | D12: Soltero/a | E12: 28 | F12: 15-06-1996 | G12: 31-08-2024 | H12: 3 | I12: 2 | J12: 3 | K12: 0 | L12: 2 | M12: 2 | N12: 1 | O12: 0 | P12: 0 | Q12: 2 | R12: 3 | S12: 2 | T12: 0 | U12: 0 | V12: 0 | W12: 0 | X12: 1 | Y12: 0 | Z12: 0 | AA12: 0 | AB12: 0 | AC12: 0 | AD12: 1 | AE12: 1 | AF12: 2 | AG12: 0 | AH12: 1 | AI12: 0 | AJ12: 0 | AK12: 0 | AL12: 10 | AM12: 0 | AN12: 3 | AO12: 7 | AP12: 0 | AQ12: 1 | AR12: 0 | AS12: 0 | AT12: 0 | AU12: 0 | AV12: 2 | AW12: 2 | AX12: 1 | AY12: 0 | AZ12: 0
B13: Montserrat rodriguez rivera | C13: Femenino | D13: Soltero/a | E13: 24 | F13: 18-10-1999 | G13: 03-09-2024 | H13: 4 | I13: 4 | J13: 4 | K13: 4 | L13: 4 | M13: 3 | N13: 0 | O13: 3 | P13: 1 | Q13: 4 | R13: 4 | S13: 3 | T13: 2 | U13: 0 | V13: 0 | W13: 0 | X13: 3 | Y13: 0 | Z13: 3 | AA13: 0 | AB13: 0 | AC13: 4 | AD13: 0 | AE13: 0 | AF13: 4 | AG13: 4 | AH13: 3 | AI13: 0 | AJ13: 0 | AK13: 0 | AL13: 20 | AM13: 3 | AN13: 3 | AO13: 11 | AP13: 0 | AQ13: 3 | AR13: 0 | AS13: 3 | AT13: 0 | AU13: 4 | AV13: 0 | AW13: 8 | AX13: 3 | AY13: 0 | AZ13: 0
... B33: María Guadalupe Martinez urenda | C33: Femenino | D33: Casado/a | E33: 59 | F33: 13-04-1966 | G33: 18-06-2025 | H33: 0 | I33: 0 | J33: 0 | K33: 0 | L33: 0 | M33: 0 | N33: 0 | O33: 0 | P33: 0 | Q33: 0 | R33: 0 | S33: 0 | T33: 0 | U33: 0 | V33: 0 | W33: 0 | X33: 0 | Y33: 0 | Z33: 0 | AA33: 0 | AB33: 0 | AC33: 0 | AD33: 1 | AE33: 1 | AF33: 0 | AG33: 0 | AH33: 0 | AI33: 0 | AJ33: 0 | AK33: 0 | AL33: 0 | AM33: 0 | AN33: 0 | AO33: 0 | AP33: 0 | AQ33: 0 | AR33: 0 | AS33: 0 | AT33: 0 | AU33: 0 | AV33: 2 | AW33: 0 | AX33: 0 | AY33: 0 | AZ33: 0
B34: Areli Berenice Rodríguez López | C34: Femenino | D34: Soltero/a | E34: 39 | F34: 16-11-2025 | G34: 05-08-2025 | H34: 3 | I34: 3 | J34: 4 | K34: 2 | L34: 2 | M34: 2 | N34: 3 | O34: 3 | P34: 4 | Q34: 4 | R34: 4 | S34: 4 | T34: 3 | U34: 2 | V34: 4 | W34: 2 | X34: 2 | Y34: 0 | Z34: 4 | AA34: 0 | AB34: 0 | AC34: 1 | AD34: 4 | AE34: 2 | AF34: 4 | AG34: 2 | AH34: 3 | AI34: 0 | AJ34: 4 | AK34: 2 | AL34: 14 | AM34: 7 | AN34: 5 | AO34: 12 | AP34: 8 | AQ34: 4 | AR34: 0 | AS34: 4 | AT34: 0 | AU34: 1 | AV34: 6 | AW34: 6 | AX34: 3 | AY34: 0 | AZ34: 4
B35: Cynthia Barragan Martínez | C35: Femenino | D35: Unión-Libre | E35: 43 | F35: 26-03-1982 | G35: 13-10-2025 | H35: 2 | I35: 3 | J35: 2 | K35: 3 | L35: 2 | M35: 0 | N35: 0 | O35: 0 | P35: 0 | Q35: 1 | R35: 1 | S35: 1 | T35: 1 | U35: 3 | V35: 1 | W35: 0 | X35: 0 | Y35: 0 | Z35: 0 | AA35: 0 | AB35: 0 | AC35: 2 | AD35: 1 | AE35: 0 | AF35: 1 | AG35: 0 | AH35: 3 | AI35: 0 | AJ35: 0 | AK35: 0 | AL35: 12 | AM35: 1 | AN35: 0 | AO35: 3 | AP35: 4 | AQ35: 0 | AR35: 0 | AS35: 0 | AT35: 0 | AU35: 2 | AV35: 1 | AW35: 1 | AX35: 3 | AY35: 0 | AZ35: 0
B36: Marley Renata Medellin López | C36: Femenino | D36: Soltero/a | E36: 9 | F36: 28-12-2015 | G36: 18-11-2025 | H36: 3 | I36: 2 | J36: 1 | K36: 1 | L36: 2 | M36: 3 | N36: 3 | O36: 3 | P36: 3 | Q36: 3 | R36: 2 | S36: 4 | T36: 3 | U36: 0 | V36: 0 | W36: 0 | X36: 4 | Y36: 3 | Z36: 3 | AA36: 4 | AB36: 4 | AC36: 4 | AD36: 0 | AE36: 0 | AF36: 3 | AG36: 0 | AH36: 3 | AI36: 0 | AJ36: 0 | AK36: 3 | AL36: 9 | AM36: 6 | AN36: 6 | AO36: 9 | AP36: 0 | AQ36: 7 | AR36: 3 | AS36: 3 | AT36: 8 | AU36: 4 | AV36: 0 | AW36: 3 | AX36: 3 | AY36: 0 | AZ36: 0
B37: Leo Daniel Castañeda Contreras | C37: Masculino | D37: Soltero/a | E37: 20 | F37: 18-02-2005 | G37: 26-11-2025 | H37: 3 | I37: 3 | J37: 4 | K37: 4 | L37: 4 | M37: 1 | N37: 0 | O37: 1 | P37: 0 | Q37: 0 | R37: 0 | S37: 0 | T37: 0 | U37: 0 | V37: 0 | W37: 0 | X37: 2 | Y37: 0 | Z37: 3 | AA37: 2 | AB37: 2 | AC37: 3 | AD37: 3 | AE37: 3 | AF37: 0 | AG37: 1 | AH37: 2 | AI37: 0 | AJ37: 0 | AK37: 3 | AL37: 18 | AM37: 0 | AN37: 1 | AO37: 0 | AP37: 0 | AQ37: 5 | AR37: 0 | AS37: 3 | AT37: 4 | AU37: 3 | AV37: 6 | AW37: 1 | AX37: 2 | AY37: 0 | AZ37: 0
B38: Ramón Adalberto Torres Reyes | C38: Masculino | D38: Soltero/a | E38: 7 | F38: 22-03-2018 | G38: 02-12-2025 | H38: 2 | I38: 2 | J38: 2 | K38: 1 | L38: 2 | M38: 2 | N38: 2 | O38: 1 | P38: 1 | Q38: 3 | R38: 4 | S38: 4 | T38: 4 | U38: 3 | V38: 1 | W38: 2 | X38: 0 | Y38: 3 | Z38: 4 | AA38: 0 | AB38: 0 | AC38: 4 | AD38: 3 | AE38: 3 | AF38: 0 | AG38: 0 | AH38: 3 | AI38: 0 | AJ38: 4 | AK38: 0 | AL38: 9 | AM38: 5 | AN38: 4 | AO38: 11 | AP38: 6 | AQ38: 0 | AR38: 3 | AS38: 4 | AT38: 0 | AU38: 4 | AV38: 6 | AW38: 0 | AX38: 3 | AY38: 0 | AZ38: 4
B39: Antonio Emmanuel Torres Reyes | C39: Masculino | D39: Soltero/a | E39: 7 | F39: 22-03-2018 | G39: 02-12-2025 | H39: 2 | I39: 2 | J39: 3 | K39: 3 | L39: 3 | M39: 1 | N39: 2 | O39: 2 | P39: 1 | Q39: 1 | R39: 1 | S39: 2 | T39: 2 | U39: 0 | V39: 2 | W39: 2 | X39: 0 | Y39: 1 | Z39: 3 | AA39: 1 | AB39: 1 | AC39: 1 | AD39: 1 | AE39: 1 | AF39: 0 | AG39: 0 | AH39: 1 | AI39: 0 | AJ39: 4 | AK39: 0 | AL39: 13 | AM39: 3 | AN39: 3 | AO39: 4 | AP39: 4 | AQ39: 0 | AR39: 1 | AS39: 3 | AT39: 2 | AU39: 1 | AV39: 2 | AW39: 0 | AX39: 1 | AY39: 0 | AZ39: 4
B40: María José González Antúnez | C40: Femenino | D40: Soltero/a | E40: 12 | F40: 17-04-2025 | G40: 04-12-2025 | H40: 3 | I40: 3 | J40: 2 | K40: 2 | L40: 2 | M40: 2 | N40: 3 | O40: 2 | P40: 1 | Q40: 4 | R40: 4 | S40: 4 | T40: 2 | U40: 1 | V40: 0 | W40: 1 | X40: 4 | Y40: 0 | Z40: 3 | AA40: 0 | AB40: 0 | AC40: 2 | AD40: 1 | AE40: 1 | AF40: 3 | AG40: 2 | AH40: 3 | AI40: 0 | AJ40: 1 | AK40: 3 | AL40: 12 | AM40: 3 | AN40: 5 | AO40: 12 | AP40: 2 | AQ40: 7 | AR40: 0 | AS40: 3 | AT40: 0 | AU40: 2 | AV40: 2 | AW40: 5 | AX40: 3 | AY40: 0 | AZ40: 1
B41: Melissa Michelle Calderón Flores | C41: Femenino | D41: Soltero/a | E41: 5 | F41: 17-11-2020 | G41: 13-01-2026 | H41: 3 | I41: 3 | J41: 3 | K41: 2 | L41: 1 | M41: 0 | N41: 3 | O41: 4 | P41: 0 | Q41: 3 | R41: 3 | S41: 4 | T41: 3 | U41: 0 | V41: 0 | W41: 0 | X41: 0 | Y41: 4 | Z41: 4 | AA41: 0 | AB41: 0 | AC41: 3 | AD41: 0 | AE41: 0 | AF41: 0 | AG41: 0 | AH41: 2 | AI41: 0 | AJ41: 0 | AK41: 0 | AL41: 12 | AM41: 3 | AN41: 3 | AO41: 10 | AP41: 0 | AQ41: 0 | AR41: 4 | AS41: 4 | AT41: 0 | AU41: 3 | AV41: 0 | AW41: 0 | AX41: 2 | AY41: 0 | AZ41: 0
B42: Luisa Fernanda Contreras Morales | C42: Femenino | D42: Soltero/a | E42: 23 | F42: 12-02-2002 | G42: 16-01-2026 | H42: 2 | I42: 2 | J42: 1 | K42: 1 | L42: 1 | M42: 2 | N42: 4 | O42: 2 | P42: 1 | Q42: 2 | R42: 1 | S42: 1 | T42: 2 | U42: 0 | V42: 0 | W42: 0 | X42: 0 | Y42: 0 | Z42: 0 | AA42: 0 | AB42: 0 | AC42: 0 | AD42: 2 | AE42: 1 | AF42: 1 | AG42: 0 | AH42: 1 | AI42: 0 | AJ42: 2 | AK42: 0 | AL42: 7 | AM42: 3 | AN42: 6 | AO42: 4 | AP42: 0 | AQ42: 0 | AR42: 0 | AS42: 0 | AT42: 0 | AU42: 0 | AV42: 3 | AW42: 1 | AX42: 1 | AY42: 0 | AZ42: 2
B43: Veronica Gutiérrez Nuñez | C43: Femenino | D43: Casado/a | E43: 43 | F43: 13-02-2026 | G43: 13-02-2026 | H43: 0 | I43: 0 | J43: 0 | K43: 0 | L43: 0 | M43: 4 | N43: 4 | O43: 4 | P43: 4 | Q43: 4 | R43: 4 | S43: 4 | T43: 4 | U43: 0 | V43: 0 | W43: 0 | X43: 0 | Y43: 0 | Z43: 3 | AA43: 0 | AB43: 0 | AC43: 2 | AD43: 2 | AE43: 2 | AF43: 2 | AG43: 2 | AH43: 2 | AI43: 0 | AJ43: 0 | AK43: 0 | AL43: 0 | AM43: 8 | AN43: 8 | AO43: 12 | AP43: 0 | AQ43: 0 | AR43: 0 | AS43: 3 | AT43: 0 | AU43: 2 | AV43: 4 | AW43: 4 | AX43: 2 | AY43: 0 | AZ43: 0
B44: Carlos Javier Lopez herrera | C44: Masculino | D44: Casado/a | E44: 42 | F44: 09-11-1983 | G44: 09-04-2026 | H44: 2 | I44: 2 | J44: 2 | K44: 2 | L44: 1 | M44: 1 | N44: 1 | O44: 2 | P44: 1 | Q44: 3 | R44: 3 | S44: 3 | T44: 3 | U44: 0 | V44: 0 | W44: 0 | X44: 0 | Y44: 0 | Z44: 0 | AA44: 0 | AB44: 0 | AC44: 1 | AD44: 2 | AE44: 2 | AF44: 0 | AG44: 0 | AH44: 0 | AI44: 0 | AJ44: 0 | AK44: 0 | AL44: 9 | AM44: 4 | AN44: 2 | AO44: 9 | AP44: 0 | AQ44: 0 | AR44: 0 | AS44: 0 | AT44: 0 | AU44: 1 | AV44: 4 | AW44: 0 | AX44: 0 | AY44: 0 | AZ44: 0

Sheet TDS
B2: Datos TDS
B4: NOMBRE | D4: Carlos Javier Lopez herrera
B6: Factores de alteración de sueño general positivos | G6: =L19 -> 6
B8: Factores de nivel bajo | G8: =L15 -> 2
B9: Factores de nivel medio | G9: =L16 -> 3
B10: Factores de nivel alto | G10: =L17 -> 1
B11: Factores de nivel muy alto | G11: =L18 -> 0
B13: Factores | I13: %
B14: 1 | C14: Apnea Obstructiva Se caracteriza por una obstrucción del flujo de aire en la vía aérea | G14: =IFERROR(VLOOKUP($D$4,DATOS!B:AZ,41,FALSE),"-") -> 0 | H14: 0-12 | I14: =G14*0.0833 -> 0 | J14: =IFS(I14 = 0,"NULO", I14 <= 0.25, "BAJO", I14 <= 0.5, "MEDIO", I14 <= 0.75, "ALTO", I14 <= 1, "MUY ALTO") -> NULO | K14: NULO | L14: =COUNTIF($J$14:$J$28,K14) -> 9
B15: 2 | C15: Bruxismo Contracción de varios musculares lo cual provoca el cierre de la mandíbula superior e inferior | G15: =IFERROR(VLOOKUP($D$4,DATOS!B:AZ,44,FALSE),"-") -> 0 | H15: 0-4 | I15: =G15*0.25 -> 0 | J15: =IFS(I15 = 0,"NULO", I15 <= 0.25, "BAJO", I15 <= 0.5, "MEDIO", I15 <= 0.75, "ALTO", I15 <= 1, "MUY ALTO") -> NULO | K15: BAJO | L15: =COUNTIF($J$14:$J$28,K15) -> 2
B16: 3 | C16: Enuresis Se caracteriza por la micción involuntaria recurrente que se produce durante eI sueño. | G16: =IFERROR(VLOOKUP($D$4,DATOS!B:AZ,43,FALSE),"-") -> 0 | H16: 0-4 | I16: =G16*0.25 -> 0 | J16: =IFS(I16 = 0,"NULO", I16 <= 0.25, "BAJO", I16 <= 0.5, "MEDIO", I16 <= 0.75, "ALTO", I16 <= 1, "MUY ALTO") -> NULO | K16: MEDIO | L16: =COUNTIF($J$14:$J$28,K16) -> 3
B17: 4 | C17: Insomnio Inicial Dificultad para quedarse dormido más de 30 minutos. | G17: =IFERROR(VLOOKUP($D$4,DATOS!B:AZ,40,FALSE),"-") -> 9 | H17: 0-12 | I17: =G17*0.0833 -> 0.7497 | J17: =IFS(I17 = 0,"NULO", I17 <= 0.25, "BAJO", I17 <= 0.5, "MEDIO", I17 <= 0.75, "ALTO", I17 <= 1, "MUY ALTO") -> ALTO | K17: ALTO | L17: =COUNTIF($J$14:$J$28,K17) -> 1
B18: 5 | C18: Insomnio Intermedio Se despierta durante la noche, generalmente, con problemas para volver a dormirse. | G18: =IFERROR(VLOOKUP($D$4,DATOS!B:AZ,38,FALSE),"-") -> 4 | H18: 0-8 | I18: =G18*0.125 -> 0.5 | J18: =IFS(I18 = 0,"NULO", I18 <= 0.25, "BAJO", I18 <= 0.5, "MEDIO", I18 <= 0.75, "ALTO", I18 <= 1, "MUY ALTO") -> MEDIO | K18: MUY ALTO | L18: =COUNTIF($J$14:$J$28,K18) -> 0
B19: 6 | C19: Insomnio terminal Se despierta dos o tres horas antes de lo habitual y tiene problemas para volver a dormirse. | G19: =IFERROR(VLOOKUP($D$4,DATOS!B:AZ,39,FALSE),"-") -> 2 | H19: 0-8 | I19: =G19*0.125 -> 0.25 | J19: =IFS(I19 = 0,"NULO", I19 <= 0.25, "BAJO", I19 <= 0.5, "MEDIO", I19 <= 0.75, "ALTO", I19 <= 1, "MUY ALTO") -> BAJO | L19: =SUM(L15:L18) -> 6
B20: 7 | C20: Parálisis del sueño Consiste en un período de incapacidad para hablar y para realizar movimientos voluntarios las diferentes partes del cuerpo suelen suceder en fases del sueño. | G20: =IFERROR(VLOOKUP($D$4,DATOS!B:AZ,42,FALSE),"-") -> 0 | H20: 0-8 | I20: =G20*0.125 -> 0 | J20: =IFS(I20 = 0,"NULO", I20 <= 0.25, "BAJO", I20 <= 0.5, "MEDIO", I20 <= 0.75, "ALTO", I20 <= 1, "MUY ALTO") -> NULO
B21: 8 | C21: Pesadillas Ensoñaciones con contenido desagradable que producen una sensación de miedo en quien las experimentan | G21: =IFERROR(VLOOKUP($D$4,DATOS!B:AZ,49,FALSE),"-") -> 0 | H21: 0-4 | I21: =G21*0.25 -> 0 | J21: =IFS(I21 = 0,"NULO", I21 <= 0.25, "BAJO", I21 <= 0.5, "MEDIO", I21 <= 0.75, "ALTO", I21 <= 1, "MUY ALTO") -> NULO | L21: =SUM(L17:L20) -> 7
B22: 9 | C22: Ronquido Sonido respiratorio generado por el paso del aire en la vía aérea alta, principalmente durante la fase de inspiración. | G22: =IFERROR(VLOOKUP($D$4,DATOS!B:AZ,47,FALSE),"-") -> 4 | H22: 0-8 | I22: =G22*0.125 -> 0.5 | J22: =IFS(I22 = 0,"NULO", I22 <= 0.25, "BAJO", I22 <= 0.5, "MEDIO", I22 <= 0.75, "ALTO", I22 <= 1, "MUY ALTO") -> MEDIO | L22: =SUM(L18:L21) -> 13
B23: 10 | C23: Sindrome de piernas inquietas Sensaciones desagradables en las piernas que comúnmente ocurren antes de quedarse dormido. | G23: =IFERROR(VLOOKUP($D$4,DATOS!B:AZ,48,FALSE),"-") -> 0 | H23: 0-8 | I23: =G23*0.125 -> 0 | J23: =IFS(I23 = 0,"NULO", I23 <= 0.25, "BAJO", I23 <= 0.5, "MEDIO", I23 <= 0.75, "ALTO", I23 <= 1, "MUY ALTO") -> NULO | L23: =SUM(L19:L22) -> 26
B24: 11 | C24: Somniloquio Hablar palabras aisladas o discursos completos durante el sueño, no se recuerda al día siguiente. | G24: =IFERROR(VLOOKUP($D$4,DATOS!B:AZ,46,FALSE),"-") -> 1 | H24: 0-4 | I24: =G24*0.25 -> 0.25 | J24: =IFS(I24 = 0,"NULO", I24 <= 0.25, "BAJO", I24 <= 0.5, "MEDIO", I24 <= 0.75, "ALTO", I24 <= 1, "MUY ALTO") -> BAJO | L24: =SUM(L20:L23) -> 46
B25: 12 | C25: Somnolencia excesiva diurna Incapacidad para mantenerse despierto y alerta durante el día, lleva a un aumento de en el tiempo total del sueño diario sin sensación de sueño reparadora. | G25: =IFERROR(VLOOKUP($D$4,DATOS!B:AZ,37,FALSE),"-") -> 9 | H25: 0-20 | I25: =G25*0.05 -> 0.45 | J25: =IFS(I25 = 0,"NULO", I25 <= 0.25, "BAJO", I25 <= 0.5, "MEDIO", I25 <= 0.75, "ALTO", I25 <= 1, "MUY ALTO") -> MEDIO | L25: =SUM(L21:L24) -> 92
B26: 13 | C26: Sonambulismo Se presenta en las fases del sueño profundo, es una secuencia de comportamientos complejos que incluyen caminar dormido. | G26: =IFERROR(VLOOKUP($D$4,DATOS!B:AZ,45,FALSE),"-") -> 0 | H26: 0-8 | I26: =G26*0.125 -> 0 | J26: =IFS(I26 = 0,"NULO", I26 <= 0.25, "BAJO", I26 <= 0.5, "MEDIO", I26 <= 0.75, "ALTO", I26 <= 1, "MUY ALTO") -> NULO | L26: =SUM(L22:L25) -> 177
B27: 14 | C27: Uso de medicamentos estimulantes Fármacos que incrementan el nivel del estado de alerta y actividad motora, y disminuye la sensación de somnolencia y fatiga. | G27: =IFERROR(VLOOKUP($D$4,DATOS!B:AZ,51,FALSE),"-") -> 0 | H27: 0-4 | I27: =G27*0.25 -> 0 | J27: =IFS(I27 = 0,"NULO", I27 <= 0.25, "BAJO", I27 <= 0.5, "MEDIO", I27 <= 0.75, "ALTO", I27 <= 1, "MUY ALTO") -> NULO | L27: =SUM(L23:L26) -> 341
B28: 15 | C28: Uso de medicamentos hipnóticos Fármacos que disminuyen el nivel del estado de alerta y actividad motora. | G28: =IFERROR(VLOOKUP($D$4,DATOS!B:AZ,50,FALSE),"-") -> 0 | H28: 0-4 | I28: =G28*0.25 -> 0 | J28: =IFS(I28 = 0,"NULO", I28 <= 0.25, "BAJO", I28 <= 0.5, "MEDIO", I28 <= 0.75, "ALTO", I28 <= 1, "MUY ALTO") -> NULO | L28: =SUM(L24:L27) -> 656
